,ID colaborador,Codigo_Cargo,Descripcion,horas_no_trabajadas,horas_totales_contratadas
0,100000,5D1291,AUXILIAR 1,0.0,240
1,100003,5D1291,AUXILIAR 1,0.0,240
2,100005,5D1291,AUXILIAR 1,8.0,240
3,100012,5D1291,AUXILIAR 1,274.0,240
4,100022,5D1291,AUXILIAR 1,60.0,240
5,100024,5D1291,AUXILIAR 1,26.0,240
6,100027,5D1291,AUXILIAR 1,9.0,240
7,100031,5D1291,AUXILIAR 1,4.0,240
8,100032,5D1291,AUXILIAR 1,2.25,240
9,100042,5D1291,AUXILIAR 1,122.5,240
10,100045,5D1291,AUXILIAR 1,108.3,240
11,100061,5D1291,AUXILIAR 1,67.0,240
12,100062,5D1291,AUXILIAR 1,50.0,240
13,100063,5D1291,AUXILIAR 1,46.0,240
14,100064,5D1291,AUXILIAR 1,31.32,240
15,100065,5D1291,AUXILIAR 1,187.0,240
16,100069,5D1291,AUXILIAR 1,16.92,240
17,100071,5D1291,AUXILIAR 1,4.0,240
18,100072,5D1291,AUXILIAR 1,157.9,240
19,100075,5D1291,AUXILIAR 1,143.0,240
20,100076,5D1291,AUXILIAR 1,43.5,240
21,100077,5D1291,AUXILIAR 1,37.0,240
22,100079,5D1291,AUXILIAR 1,142.0,240
23,100081,5D1291,AUXILIAR 1,18.0,240
24,100082,5D1291,AUXILIAR 1,19.83,240
25,100092,5D1291,AUXILIAR 1,42.0,240
26,100095,5D1291,AUXILIAR 1,50.0,240
27,100097,5D1291,AUXILIAR 1,42.0,240
28,100098,5D1291,AUXILIAR 1,39.5,240
29,100105,5D1291,AUXILIAR 1,25.0,240
30,100111,5D1291,AUXILIAR 1,69.5,240
31,100112,5D1291,AUXILIAR 1,6.0,240
32,100113,5D1291,AUXILIAR 1,8.0,240
33,100115,5D1291,AUXILIAR 1,116.96000000000001,240
34,100117,5D1291,AUXILIAR 1,138.0,240
35,100118,5D1291,AUXILIAR 1,14.0,240
36,100119,5D1291,AUXILIAR 1,19.0,240
37,100122,5D1291,AUXILIAR 1,58.0,240
38,100125,5D1291,AUXILIAR 1,74.0,240
39,100126,5D1291,AUXILIAR 1,16.0,240
40,100127,5D1291,AUXILIAR 1,95.94,240
41,100130,5D1291,AUXILIAR 1,14.0,240
42,100132,5D1291,AUXILIAR 1,18.0,240
43,100133,5D1291,AUXILIAR 1,7.98,240
44,100134,5D1291,AUXILIAR 1,138.0,240
45,100137,5D1291,AUXILIAR 1,0.0,240
46,100141,5D1291,AUXILIAR 1,86.5,240
47,100150,5D1291,AUXILIAR 1,32.0,240
48,100157,5D1291,AUXILIAR 1,121.0,240
49,100160,5D1291,AUXILIAR 1,19.0,240
50,100165,5D1291,AUXILIAR 1,24.0,240
51,100166,5D1291,AUXILIAR 1,0.0,240
52,100169,5D1291,AUXILIAR 1,4.0,240
53,100171,5D1291,AUXILIAR 1,4.0,240
54,100174,5D1291,AUXILIAR 1,204.5,240
55,100177,5D1291,AUXILIAR 1,50.0,240
56,100189,5D1291,AUXILIAR 1,72.0,240
57,100193,5D1291,AUXILIAR 1,20.0,240
58,100199,5D1291,AUXILIAR 1,172.0,240
59,100200,5D1291,AUXILIAR 1,52.33,240
60,100202,5D1291,AUXILIAR 1,73.5,240
61,100207,5D1291,AUXILIAR 1,58.0,240
62,100211,5D1291,AUXILIAR 1,59.0,240
63,100218,5D1291,AUXILIAR 1,134.0,240
64,100220,5D1291,AUXILIAR 1,105.0,240
65,100226,5D1291,AUXILIAR 1,0.0,240
66,100227,5D1291,AUXILIAR 1,205.0,240
67,100228,5D1291,AUXILIAR 1,52.0,240
68,100232,5D1291,AUXILIAR 1,26.5,240
69,100233,5D1291,AUXILIAR 1,52.0,240
70,100235,5D1291,AUXILIAR 1,41.0,240
71,100238,5D1291,AUXILIAR 1,25.0,240
72,100240,5D1291,AUXILIAR 1,146.0,240
73,100241,5D1291,AUXILIAR 1,82.0,240
74,100243,5D1291,AUXILIAR 1,0.0,240
75,100244,5D1291,AUXILIAR 1,9.25,240
76,100245,5D1291,AUXILIAR 1,37.5,240
77,100247,5D1291,AUXILIAR 1,2.0,240
78,100248,5D1291,AUXILIAR 1,32.0,240
79,100249,5D1291,AUXILIAR 1,22.5,240
80,100251,5D1291,AUXILIAR 1,8.25,240
81,100266,5D1291,AUXILIAR 1,64.0,240
82,100270,5D1291,AUXILIAR 1,126.0,240
83,100278,5D1291,AUXILIAR 1,42.0,240
84,100284,5D1291,AUXILIAR 1,81.0,240
85,100288,5D1291,AUXILIAR 1,42.0,240
86,100289,5D1291,AUXILIAR 1,115.75,240
87,100291,5D1291,AUXILIAR 1,0.0,240
88,100296,5D1291,AUXILIAR 1,289.0,240
89,100314,5D1291,AUXILIAR 1,71.0,240
90,100316,5D1291,AUXILIAR 1,8.0,240
91,100317,5D1291,AUXILIAR 1,20.0,240
92,100322,5D1291,AUXILIAR 1,12.0,240
93,100328,5D1291,AUXILIAR 1,8.0,240
94,100329,5D1291,AUXILIAR 1,4.0,240
95,100331,5D1291,AUXILIAR 1,16.0,240
96,100332,5D1291,AUXILIAR 1,75.0,240
97,100335,5D1291,AUXILIAR 1,66.0,240
98,100336,5D1291,AUXILIAR 1,344.0,240
99,100354,5D1291,AUXILIAR 1,12.0,240
100,100360,5D1291,AUXILIAR 1,24.5,240
101,100361,5D1291,AUXILIAR 1,4.0,240
102,100362,5D1291,AUXILIAR 1,66.5,240
103,100367,5D1291,AUXILIAR 1,0.0,240
104,100369,5D1291,AUXILIAR 1,36.0,240
105,100370,5D1291,AUXILIAR 1,42.1,240
106,100371,5D1291,AUXILIAR 1,19.0,240
107,100378,5D1291,AUXILIAR 1,35.0,240
108,100382,5D1291,AUXILIAR 1,4.0,240
109,100391,5D1291,AUXILIAR 1,50.0,240
110,100394,5D1291,AUXILIAR 1,79.25,240
111,100395,5D1291,AUXILIAR 1,44.0,240
112,100396,5D1291,AUXILIAR 1,28.0,240
113,100398,5D1291,AUXILIAR 1,83.25,240
114,100400,5D1291,AUXILIAR 1,58.0,240
115,100404,5D1291,AUXILIAR 1,51.5,240
116,100405,5D1291,AUXILIAR 1,77.5,240
117,100406,5D1291,AUXILIAR 1,84.0,240
118,100407,5D1291,AUXILIAR 1,23.5,240
119,100408,5D1291,AUXILIAR 1,62.0,240
120,100409,5D1291,AUXILIAR 1,40.0,240
121,100410,5D1291,AUXILIAR 1,9.98,240
122,100411,5D1291,AUXILIAR 1,19.5,240
123,100412,5D1291,AUXILIAR 1,76.0,240
124,100413,5D1291,AUXILIAR 1,66.23,240
125,100417,5D1291,AUXILIAR 1,16.75,240
126,100419,5D1291,AUXILIAR 1,4.0,240
127,100421,5D1291,AUXILIAR 1,81.0,240
128,100422,5D1291,AUXILIAR 1,0.0,240
129,100423,5D1291,AUXILIAR 1,28.0,240
130,100426,5D1291,AUXILIAR 1,27.75,240
131,100429,5D1291,AUXILIAR 1,117.0,240
132,100438,5D1291,AUXILIAR 1,57.0,240
133,100444,5D1291,AUXILIAR 1,36.0,240
134,100446,5D1291,AUXILIAR 1,51.0,240
135,100450,5D1291,AUXILIAR 1,10.28,240
136,100453,5D1291,AUXILIAR 1,19.0,240
137,100454,5D1291,AUXILIAR 1,25.5,240
138,100457,5D1291,AUXILIAR 1,33.5,240
139,100460,5D1291,AUXILIAR 1,109.0,240
140,100467,5D1291,AUXILIAR 1,74.5,240
141,100469,5D1291,AUXILIAR 1,139.5,240
142,100473,5D1291,AUXILIAR 1,26.0,240
143,100474,5D1291,AUXILIAR 1,8.0,240
144,100477,5D1291,AUXILIAR 1,60.25,240
145,100479,5D1291,AUXILIAR 1,10.0,240
146,100481,5D1291,AUXILIAR 1,28.25,240
147,100482,5D1291,AUXILIAR 1,40.0,240
148,100485,5D1291,AUXILIAR 1,57.980000000000004,240
149,100487,5D1291,AUXILIAR 1,30.0,240
150,100488,5D1291,AUXILIAR 1,126.57,240
151,100489,5D1291,AUXILIAR 1,93.09,240
152,100492,5D1291,AUXILIAR 1,52.0,240
153,100496,5D1291,AUXILIAR 1,34.25,240
154,100497,5D1291,AUXILIAR 1,96.0,240
155,100500,5D1291,AUXILIAR 1,30.0,240
156,100503,5D1291,AUXILIAR 1,59.0,240
157,100505,5D1291,AUXILIAR 1,27.0,240
158,100506,5D1291,AUXILIAR 1,44.0,240
159,100508,5D1291,AUXILIAR 1,8.0,240
160,100509,5D1291,AUXILIAR 1,0.0,240
161,100510,5D1291,AUXILIAR 1,4.0,240
162,100511,5D1291,AUXILIAR 1,93.0,240
163,100513,5D1291,AUXILIAR 1,4.0,240
164,100517,5D1291,AUXILIAR 1,28.08,240
165,100522,5D1291,AUXILIAR 1,101.15,240
166,100527,5D1291,AUXILIAR 1,7.0,240
167,100532,5D1291,AUXILIAR 1,47.0,240
168,100534,5D1291,AUXILIAR 1,62.0,240
169,100536,5D1291,AUXILIAR 1,2.25,240
170,100538,5D1291,AUXILIAR 1,57.07,240
171,100541,5D1291,AUXILIAR 1,50.0,240
172,100546,5D1291,AUXILIAR 1,48.0,240
173,100547,5D1291,AUXILIAR 1,106.25,240
174,100549,5D1291,AUXILIAR 1,98.0,240
175,100551,5D1291,AUXILIAR 1,17.17,240
176,100556,5D1291,AUXILIAR 1,44.0,240
177,100558,5D1291,AUXILIAR 1,58.0,240
178,100559,5D1291,AUXILIAR 1,57.0,240
179,100560,5D1291,AUXILIAR 1,42.75,240
180,100562,5D1291,AUXILIAR 1,24.0,240
181,100564,5D1291,AUXILIAR 1,18.0,240
182,100566,5D1291,AUXILIAR 1,73.98,240
183,100567,5D1291,AUXILIAR 1,82.0,240
184,100568,5D1291,AUXILIAR 1,0.0,240
185,100572,5D1291,AUXILIAR 1,6.0,240
186,100574,5D1291,AUXILIAR 1,8.25,240
187,100575,5D1291,AUXILIAR 1,0.0,240
188,100585,5D1291,AUXILIAR 1,129.0,240
189,100587,5D1291,AUXILIAR 1,47.75,240
190,100588,5D1291,AUXILIAR 1,77.0,240
191,100597,5D1291,AUXILIAR 1,48.0,240
192,100603,5D1291,AUXILIAR 1,5.0,240
193,100604,5D1291,AUXILIAR 1,59.5,240
194,100605,5D1291,AUXILIAR 1,32.0,240
195,100611,5D1291,AUXILIAR 1,260.0,240
196,100616,5D1291,AUXILIAR 1,14.0,240
197,100624,5D1291,AUXILIAR 1,115.0,240
198,100625,5D1291,AUXILIAR 1,24.25,240
199,100627,5D1291,AUXILIAR 1,90.0,240
200,100628,5D1291,AUXILIAR 1,20.0,240
201,100630,5D1291,AUXILIAR 1,37.0,240
202,100636,5D1291,AUXILIAR 1,41.0,240
203,100637,5D1291,AUXILIAR 1,41.0,240
204,100640,5D1291,AUXILIAR 1,0.0,240
205,100646,5D1291,AUXILIAR 1,114.1,240
206,100649,5D1291,AUXILIAR 1,83.0,240
207,100653,5D1291,AUXILIAR 1,229.07,240
208,100655,5D1291,AUXILIAR 1,84.5,240
209,100659,5D1291,AUXILIAR 1,31.0,240
210,100661,5D1291,AUXILIAR 1,0.0,240
211,100662,5D1291,AUXILIAR 1,98.0,480
212,100663,5D1291,AUXILIAR 1,16.0,240
213,100664,5D1291,AUXILIAR 1,34.0,240
214,100665,5D1291,AUXILIAR 1,29.5,240
215,100666,5D1291,AUXILIAR 1,62.0,240
216,100667,5D1291,AUXILIAR 1,24.25,240
217,100669,5D1291,AUXILIAR 1,37.0,240
218,100670,5D1291,AUXILIAR 1,6.5,240
219,100672,5D1291,AUXILIAR 1,56.5,240
220,100673,5D1291,AUXILIAR 1,12.0,240
221,100674,5D1291,AUXILIAR 1,34.5,240
222,100675,5D1291,AUXILIAR 1,35.0,240
223,100676,5D1291,AUXILIAR 1,69.0,240
224,100677,5D1291,AUXILIAR 1,8.0,240
225,100679,5D1291,AUXILIAR 1,40.0,240
226,100682,5D1291,AUXILIAR 1,0.0,240
227,100683,5D1291,AUXILIAR 1,24.25,240
228,100686,5D1291,AUXILIAR 1,36.0,240
229,100687,5D1291,AUXILIAR 1,15.0,240
230,100688,5D1291,AUXILIAR 1,4.0,240
231,100689,5D1291,AUXILIAR 1,127.0,240
232,100692,5D1291,AUXILIAR 1,22.0,240
233,100695,5D1291,AUXILIAR 1,128.6,240
234,100697,5D1291,AUXILIAR 1,90.5,240
235,100699,5D1291,AUXILIAR 1,89.5,240
236,100700,5D1291,AUXILIAR 1,48.0,240
237,100704,5D1291,AUXILIAR 1,47.0,240
238,100705,5D1291,AUXILIAR 1,4.0,240
239,100707,5D1291,AUXILIAR 1,2.0,240
240,100708,5D1291,AUXILIAR 1,37.0,240
241,100710,5D1291,AUXILIAR 1,94.0,240
242,100713,5D1291,AUXILIAR 1,40.25,240
243,100717,5D1291,AUXILIAR 1,24.0,240
244,100742,5D1291,AUXILIAR 1,36.25,240
245,100751,5D1291,AUXILIAR 1,283.5,240
246,100757,5D1291,AUXILIAR 1,15.0,240
247,100762,5D1291,AUXILIAR 1,25.98,240
248,100773,5D1291,AUXILIAR 1,26.0,240
249,100775,5D1291,AUXILIAR 1,4.25,240
250,100777,5D1291,AUXILIAR 1,85.0,240
251,100778,5D1291,AUXILIAR 1,80.0,240
252,100781,5D1291,AUXILIAR 1,32.0,240
253,100785,5D1291,AUXILIAR 1,18.0,240
254,100789,5D1291,AUXILIAR 1,0.0,240
255,100794,5D1291,AUXILIAR 1,57.0,240
256,100795,5D1291,AUXILIAR 1,64.0,240
257,100798,5D1291,AUXILIAR 1,51.980000000000004,240
258,100807,5D1291,AUXILIAR 1,36.5,240
259,100811,5D1291,AUXILIAR 1,0.0,240
260,100813,5D1291,AUXILIAR 1,101.0,240
261,100815,5D1291,AUXILIAR 1,13.0,240
262,100817,5D1291,AUXILIAR 1,20.5,240
263,100818,5D1291,AUXILIAR 1,0.0,240
264,100819,5D1291,AUXILIAR 1,136.0,240
265,100820,5D1291,AUXILIAR 1,26.5,240
266,100821,5D1291,AUXILIAR 1,0.0,240
267,100822,5D1291,AUXILIAR 1,8.5,240
268,100825,5D1291,AUXILIAR 1,236.0,240
269,100827,5D1291,AUXILIAR 1,21.25,240
270,100829,5D1291,AUXILIAR 1,0.0,240
271,100830,5D1291,AUXILIAR 1,70.5,240
272,100831,5D1291,AUXILIAR 1,51.5,240
273,100850,5D1291,AUXILIAR 1,4.0,240
274,100858,5D1291,AUXILIAR 1,27.5,240
275,100861,5D1291,AUXILIAR 1,54.0,240
276,100862,5D1291,AUXILIAR 1,120.0,240
277,100863,5D1291,AUXILIAR 1,20.0,240
278,100866,5D1291,AUXILIAR 1,21.0,240
279,100867,5D1291,AUXILIAR 1,12.0,240
280,100875,5D1291,AUXILIAR 1,44.0,240
281,100881,5D1291,AUXILIAR 1,41.0,240
282,100883,5D1291,AUXILIAR 1,52.0,240
283,100886,5D1291,AUXILIAR 1,60.0,240
284,100889,5D1291,AUXILIAR 1,12.0,240
285,100890,5D1291,AUXILIAR 1,0.0,240
286,100894,5D1291,AUXILIAR 1,116.0,240
287,100898,5D1291,AUXILIAR 1,43.0,240
288,100900,5D1291,AUXILIAR 1,21.0,240
289,100912,5D1291,AUXILIAR 1,20.5,240
290,100914,5D1291,AUXILIAR 1,6.0,240
291,100915,5D1291,AUXILIAR 1,234.0,240
292,100916,5D1291,AUXILIAR 1,86.5,240
293,100918,5D1291,AUXILIAR 1,165.0,240
294,100919,5D1291,AUXILIAR 1,186.0,240
295,100920,5D1291,AUXILIAR 1,74.0,240
296,100925,5D1291,AUXILIAR 1,0.0,240
297,100931,5D1291,AUXILIAR 1,132.98000000000002,240
298,100933,5D1291,AUXILIAR 1,138.0,240
299,100936,5D1291,AUXILIAR 1,0.0,240
300,100937,5D1291,AUXILIAR 1,39.0,240
301,100938,5D1291,AUXILIAR 1,73.0,240
302,100939,5D1291,AUXILIAR 1,67.5,240
303,100940,5D1291,AUXILIAR 1,36.0,240
304,100942,5D1291,AUXILIAR 1,55.0,240
305,100952,5D1291,AUXILIAR 1,55.5,240
306,100954,5D1291,AUXILIAR 1,0.0,240
307,100963,5D1291,AUXILIAR 1,12.0,240
308,100965,5D1291,AUXILIAR 1,164.03,240
309,100966,5D1291,AUXILIAR 1,54.5,240
310,100968,5D1291,AUXILIAR 1,21.0,240
311,100969,5D1291,AUXILIAR 1,8.25,240
312,100973,5D1291,AUXILIAR 1,200.0,240
313,100978,5D1291,AUXILIAR 1,38.0,240
314,100981,5D1291,AUXILIAR 1,40.0,240
315,101011,5D1291,AUXILIAR 1,73.0,240
316,101063,5D1291,AUXILIAR 1,129.0,240
317,101067,5D1291,AUXILIAR 1,67.0,240
318,101068,5D1291,AUXILIAR 1,36.0,240
319,101077,5D1291,AUXILIAR 1,52.0,240
320,101083,5D1291,AUXILIAR 1,20.0,240
321,101097,5D1291,AUXILIAR 1,51.0,564
322,101099,5D1291,AUXILIAR 1,22.88,240
323,101100,5D1291,AUXILIAR 1,26.0,240
324,101108,5D1291,AUXILIAR 1,132.0,240
325,101130,5D1291,AUXILIAR 1,73.0,240
326,101148,5D1291,AUXILIAR 1,42.0,240
327,101158,5D1291,AUXILIAR 1,137.0,576
328,101160,5D1291,AUXILIAR 1,28.5,240
329,101166,5D1291,AUXILIAR 1,104.0,240
330,101172,5D1291,AUXILIAR 1,20.5,240
331,101191,5D1291,AUXILIAR 1,22.5,240
332,101206,5D1291,AUXILIAR 1,103.0,240
333,101249,5D1291,AUXILIAR 1,16.25,240
334,101251,5D1291,AUXILIAR 1,42.0,240
335,101262,5D1291,AUXILIAR 1,119.0,240
336,101278,5D1291,AUXILIAR 1,117.5,240
337,101284,5D1291,AUXILIAR 1,32.5,240
338,101298,5D1291,AUXILIAR 1,18.0,240
339,101305,5D1291,AUXILIAR 1,36.0,240
340,101310,5D1291,AUXILIAR 1,260.0,240
341,101318,5D1291,AUXILIAR 1,35.0,240
342,101345,5D1291,AUXILIAR 1,48.0,240
343,101354,5D1291,AUXILIAR 1,82.5,240
344,101356,5D1291,AUXILIAR 1,68.0,240
345,101363,5D1291,AUXILIAR 1,86.0,240
346,101375,5D1291,AUXILIAR 1,32.0,528
347,101381,5D1291,AUXILIAR 1,130.75,504
348,101395,5D1291,AUXILIAR 1,0.0,240
349,101400,5D1291,AUXILIAR 1,31.0,240
350,101408,5D1291,AUXILIAR 1,172.0,240
351,101409,5D1291,AUXILIAR 1,2.0,240
352,101410,5D1291,AUXILIAR 1,2.0,504
353,101414,5D1291,AUXILIAR 1,26.0,240
354,101418,5D1291,AUXILIAR 1,142.5,240
355,101433,5D1291,AUXILIAR 1,12.0,240
356,101454,5D1291,AUXILIAR 1,0.0,576
357,101464,5D1291,AUXILIAR 1,39.0,240
358,101467,5D1291,AUXILIAR 1,102.5,240
359,101499,5D1291,AUXILIAR 1,73.0,240
360,101501,5D1291,AUXILIAR 1,66.0,240
361,101504,5D1291,AUXILIAR 1,41.25,240
362,101508,5D1291,AUXILIAR 1,76.5,240
363,101524,5D1291,AUXILIAR 1,20.0,240
364,101529,5D1291,AUXILIAR 1,18.0,240
365,101532,5D1291,AUXILIAR 1,18.5,240
366,101539,5D1291,AUXILIAR 1,93.7,240
367,101549,5D1291,AUXILIAR 1,24.5,240
368,101555,5D1291,AUXILIAR 1,10.0,240
369,101568,5D1291,AUXILIAR 1,20.08,240
370,101574,5D1291,AUXILIAR 1,76.5,240
371,101575,5D1291,AUXILIAR 1,20.0,240
372,101594,5D1291,AUXILIAR 1,16.25,240
373,101604,5D1291,AUXILIAR 1,42.0,240
374,101634,5D1291,AUXILIAR 1,79.0,240
375,101635,5D1291,AUXILIAR 1,35.0,240
376,101638,5D1291,AUXILIAR 1,11.33,240
377,101674,5D1291,AUXILIAR 1,4.0,240
378,101685,5D1291,AUXILIAR 1,0.0,240
379,101690,5D1291,AUXILIAR 1,20.75,240
380,101699,5D1291,AUXILIAR 1,6.0,240
381,101704,5D1291,AUXILIAR 1,80.5,240
382,101715,5D1291,AUXILIAR 1,52.0,240
383,101736,5D1291,AUXILIAR 1,42.5,240
384,101742,5D1291,AUXILIAR 1,27.0,240
385,101752,5D1291,AUXILIAR 1,32.5,240
386,101777,5D1291,AUXILIAR 1,12.0,240
387,101797,5D1291,AUXILIAR 1,43.0,240
388,101798,5D1291,AUXILIAR 1,6.0,240
389,101799,5D1291,AUXILIAR 1,22.0,240
390,101803,5D1291,AUXILIAR 1,55.4,240
391,101804,5D1291,AUXILIAR 1,24.0,240
392,101806,5D1291,AUXILIAR 1,30.0,240
393,101813,5D1291,AUXILIAR 1,96.0,240
394,101814,5D1291,AUXILIAR 1,54.0,240
395,101820,5D1291,AUXILIAR 1,43.0,240
396,101823,5D1291,AUXILIAR 1,18.0,240
397,101830,5D1291,AUXILIAR 1,6.0,240
398,101834,5D1291,AUXILIAR 1,66.5,240
399,101840,5D1291,AUXILIAR 1,280.5,240
400,101844,5D1291,AUXILIAR 1,0.0,240
401,101845,5D1291,AUXILIAR 1,44.0,240
402,101846,5D1291,AUXILIAR 1,27.25,240
403,101855,5D1291,AUXILIAR 1,45.0,240
404,101857,5D1291,AUXILIAR 1,24.0,240
405,101872,5D1291,AUXILIAR 1,104.25,240
406,101875,5D1291,AUXILIAR 1,44.0,240
407,101885,5D1291,AUXILIAR 1,93.0,240
408,101886,5D1291,AUXILIAR 1,84.5,240
409,101890,5D1291,AUXILIAR 1,16.5,240
410,101891,5D1291,AUXILIAR 1,46.5,240
411,101894,5D1291,AUXILIAR 1,52.0,240
412,101908,5D1291,AUXILIAR 1,5.0,240
413,101910,5D1291,AUXILIAR 1,24.25,240
414,101913,5D1291,AUXILIAR 1,63.5,240
415,101920,5D1291,AUXILIAR 1,44.0,240
416,101921,5D1291,AUXILIAR 1,5.0,240
417,101925,5D1291,AUXILIAR 1,17.0,240
418,101930,5D1291,AUXILIAR 1,41.0,240
419,101933,5D1291,AUXILIAR 1,108.0,240
420,101950,5D1291,AUXILIAR 1,12.0,240
421,101967,5D1291,AUXILIAR 1,22.25,240
422,101978,5D1291,AUXILIAR 1,64.0,240
423,101979,5D1291,AUXILIAR 1,15.5,240
424,102005,5D1291,AUXILIAR 1,76.25,240
425,102010,5D1291,AUXILIAR 1,12.0,240
426,102011,5D1291,AUXILIAR 1,49.0,240
427,102023,5D1291,AUXILIAR 1,31.48,240
428,102029,5D1291,AUXILIAR 1,27.5,240
429,102030,5D1291,AUXILIAR 1,38.5,240
430,102031,5D1291,AUXILIAR 1,64.0,240
431,102033,5D1291,AUXILIAR 1,10.0,240
432,102034,5D1291,AUXILIAR 1,20.0,240
433,102039,5D1291,AUXILIAR 1,128.0,240
434,102044,5D1291,AUXILIAR 1,10.0,240
435,102053,5D1291,AUXILIAR 1,129.98000000000002,240
436,102055,5D1291,AUXILIAR 1,40.0,240
437,102063,5D1291,AUXILIAR 1,48.25,240
438,102072,5D1291,AUXILIAR 1,52.0,240
439,102078,5D1291,AUXILIAR 1,46.5,240
440,102083,5D1291,AUXILIAR 1,94.5,240
441,102086,5D1291,AUXILIAR 1,4.0,240
442,102087,5D1291,AUXILIAR 1,48.0,240
443,102088,5D1291,AUXILIAR 1,0.0,240
444,102090,5D1291,AUXILIAR 1,0.0,240
445,102093,5D1291,AUXILIAR 1,61.0,240
446,102099,5D1291,AUXILIAR 1,43.0,240
447,102114,5D1291,AUXILIAR 1,81.86,240
448,102116,5D1291,AUXILIAR 1,0.0,240
449,102117,5D1291,AUXILIAR 1,8.0,240
450,102126,5D1291,AUXILIAR 1,65.5,240
451,102136,5D1291,AUXILIAR 1,92.07,240
452,102137,5D1291,AUXILIAR 1,34.5,240
453,102139,5D1291,AUXILIAR 1,64.0,240
454,102143,5D1291,AUXILIAR 1,7.0,240
455,102144,5D1291,AUXILIAR 1,51.0,240
456,102174,5D1291,AUXILIAR 1,32.0,240
457,102176,5D1291,AUXILIAR 1,12.0,240
458,102177,5D1291,AUXILIAR 1,0.0,240
459,102280,5D1291,AUXILIAR 1,81.75,240
460,102385,5D1291,AUXILIAR 1,53.0,240
461,100001,5C1181,CAJERO,24.0,320
462,100044,5C1181,CAJERO,0.0,320
463,100173,5C1181,CAJERO,0.0,320
464,100181,5C1181,CAJERO,40.0,320
465,100186,5C1181,CAJERO,0.0,320
466,100230,5C1181,CAJERO,12.0,320
467,100290,5C1181,CAJERO,0.0,320
468,100343,5C1181,CAJERO,0.0,320
469,100439,5C1181,CAJERO,0.0,320
470,100533,5C1181,CAJERO,4.0,320
471,100642,5C1181,CAJERO,4.0,320
472,100685,5C1181,CAJERO,0.0,320
473,100698,5C1181,CAJERO,8.0,320
474,100709,5C1181,CAJERO,0.0,320
475,100828,5C1181,CAJERO,16.0,320
476,100856,5C1181,CAJERO,12.0,320
477,100922,5C1181,CAJERO,0.0,320
478,100961,5C1181,CAJERO,12.0,320
479,101084,5C1181,CAJERO,20.0,320
480,101132,5C1181,CAJERO,12.0,320
481,101291,5C1181,CAJERO,84.0,320
482,101315,5C1181,CAJERO,0.0,320
483,101440,5C1181,CAJERO,0.0,320
484,101455,5C1181,CAJERO,56.0,320
485,101485,5C1181,CAJERO,0.0,320
486,101537,5C1181,CAJERO,24.0,320
487,101590,5C1181,CAJERO,4.0,320
488,101620,5C1181,CAJERO,24.0,320
489,101697,5C1181,CAJERO,0.0,320
490,101739,5C1181,CAJERO,8.0,320
491,101819,5C1181,CAJERO,20.0,320
492,101924,5C1181,CAJERO,52.0,320
493,101998,5C1181,CAJERO,4.0,320
494,102061,5C1181,CAJERO,84.0,320
495,102141,5C1181,CAJERO,8.0,320
496,102150,5C1181,CAJERO,32.0,320
497,102243,5C1181,CAJERO,176.0,768
498,102357,5C1181,CAJERO,44.0,320
499,100002,5E1341,PROFESIONAL 1,0.0,240
500,100006,5E1341,PROFESIONAL 1,116.0,240
501,100036,5E1341,PROFESIONAL 1,53.0,240
502,100054,5E1341,PROFESIONAL 1,76.0,160
503,100056,5E1341,PROFESIONAL 1,14.98,240
504,100057,5E1341,PROFESIONAL 1,0.0,240
505,100068,5E1341,PROFESIONAL 1,26.0,240
506,100070,5E1341,PROFESIONAL 1,4.0,240
507,100074,5E1341,PROFESIONAL 1,132.0,240
508,100080,5E1341,PROFESIONAL 1,52.0,240
509,100084,5E1341,PROFESIONAL 1,0.0,160
510,100085,5E1341,PROFESIONAL 1,0.0,240
511,100104,5E1341,PROFESIONAL 1,0.0,160
512,100131,5E1341,PROFESIONAL 1,258.98,160
513,100135,5E1341,PROFESIONAL 1,0.0,240
514,100138,5E1341,PROFESIONAL 1,40.0,240
515,100139,5E1341,PROFESIONAL 1,0.0,240
516,100145,5E1341,PROFESIONAL 1,108.0,240
517,100159,5E1341,PROFESIONAL 1,16.0,160
518,100161,5E1341,PROFESIONAL 1,61.0,240
519,100162,5E1341,PROFESIONAL 1,20.0,160
520,100163,5E1341,PROFESIONAL 1,76.0,160
521,100164,5E1341,PROFESIONAL 1,137.0,160
522,100170,5E1341,PROFESIONAL 1,16.0,240
523,100175,5E1341,PROFESIONAL 1,112.0,240
524,100176,5E1341,PROFESIONAL 1,59.0,160
525,100179,5E1341,PROFESIONAL 1,0.0,240
526,100180,5E1341,PROFESIONAL 1,0.0,240
527,100187,5E1341,PROFESIONAL 1,30.0,160
528,100194,5E1341,PROFESIONAL 1,12.0,240
529,100195,5E1341,PROFESIONAL 1,20.0,240
530,100198,5E1341,PROFESIONAL 1,0.0,240
531,100203,5E1341,PROFESIONAL 1,4.0,240
532,100204,5E1341,PROFESIONAL 1,50.0,240
533,100206,5E1341,PROFESIONAL 1,40.0,240
534,100219,5E1341,PROFESIONAL 1,20.0,240
535,100221,5E1341,PROFESIONAL 1,56.0,240
536,100234,5E1341,PROFESIONAL 1,148.0,240
537,100246,5E1341,PROFESIONAL 1,148.0,240
538,100250,5E1341,PROFESIONAL 1,0.0,240
539,100274,5E1341,PROFESIONAL 1,4.0,240
540,100285,5E1341,PROFESIONAL 1,36.0,240
541,100292,5E1341,PROFESIONAL 1,0.0,240
542,100305,5E1341,PROFESIONAL 1,143.0,240
543,100315,5E1341,PROFESIONAL 1,127.0,240
544,100323,5E1341,PROFESIONAL 1,248.0,240
545,100324,5E1341,PROFESIONAL 1,48.0,240
546,100325,5E1341,PROFESIONAL 1,34.0,240
547,100326,5E1341,PROFESIONAL 1,44.0,240
548,100330,5E1341,PROFESIONAL 1,145.0,240
549,100333,5E1341,PROFESIONAL 1,134.98,240
550,100334,5E1341,PROFESIONAL 1,63.0,240
551,100337,5E1341,PROFESIONAL 1,0.0,240
552,100340,5E1341,PROFESIONAL 1,8.0,240
553,100341,5E1341,PROFESIONAL 1,12.0,240
554,100350,5E1341,PROFESIONAL 1,16.0,240
555,100363,5E1341,PROFESIONAL 1,77.0,240
556,100366,5E1341,PROFESIONAL 1,0.0,160
557,100368,5E1341,PROFESIONAL 1,24.0,240
558,100375,5E1341,PROFESIONAL 1,0.0,240
559,100393,5E1341,PROFESIONAL 1,28.0,240
560,100399,5E1341,PROFESIONAL 1,117.0,160
561,100401,5E1341,PROFESIONAL 1,70.0,240
562,100414,5E1341,PROFESIONAL 1,94.0,240
563,100415,5E1341,PROFESIONAL 1,84.0,240
564,100418,5E1341,PROFESIONAL 1,32.0,240
565,100420,5E1341,PROFESIONAL 1,0.0,160
566,100424,5E1341,PROFESIONAL 1,0.0,160
567,100425,5E1341,PROFESIONAL 1,0.0,160
568,100455,5E1341,PROFESIONAL 1,88.0,240
569,100464,5E1341,PROFESIONAL 1,160.0,160
570,100465,5E1341,PROFESIONAL 1,132.0,240
571,100480,5E1341,PROFESIONAL 1,4.0,240
572,100483,5E1341,PROFESIONAL 1,96.0,240
573,100498,5E1341,PROFESIONAL 1,26.98,160
574,100504,5E1341,PROFESIONAL 1,4.0,240
575,100507,5E1341,PROFESIONAL 1,48.0,240
576,100512,5E1341,PROFESIONAL 1,8.0,240
577,100531,5E1341,PROFESIONAL 1,12.0,160
578,100569,5E1341,PROFESIONAL 1,0.0,240
579,100570,5E1341,PROFESIONAL 1,0.0,240
580,100571,5E1341,PROFESIONAL 1,4.0,240
581,100573,5E1341,PROFESIONAL 1,16.0,160
582,100589,5E1341,PROFESIONAL 1,59.0,160
583,100601,5E1341,PROFESIONAL 1,114.0,240
584,100618,5E1341,PROFESIONAL 1,8.0,160
585,100623,5E1341,PROFESIONAL 1,44.0,240
586,100645,5E1341,PROFESIONAL 1,24.0,160
587,100668,5E1341,PROFESIONAL 1,0.0,160
588,100671,5E1341,PROFESIONAL 1,23.0,160
589,100680,5E1341,PROFESIONAL 1,0.0,240
590,100691,5E1341,PROFESIONAL 1,28.0,160
591,100701,5E1341,PROFESIONAL 1,260.0,160
592,100711,5E1341,PROFESIONAL 1,0.0,240
593,100714,5E1341,PROFESIONAL 1,572.0,240
594,100715,5E1341,PROFESIONAL 1,20.0,240
595,100718,5E1341,PROFESIONAL 1,0.0,240
596,100739,5E1341,PROFESIONAL 1,16.0,160
597,100750,5E1341,PROFESIONAL 1,80.0,160
598,100752,5E1341,PROFESIONAL 1,64.0,240
599,100767,5E1341,PROFESIONAL 1,28.0,160
600,100772,5E1341,PROFESIONAL 1,103.0,240
601,100779,5E1341,PROFESIONAL 1,0.0,240
602,100780,5E1341,PROFESIONAL 1,0.0,160
603,100782,5E1341,PROFESIONAL 1,12.0,240
604,100784,5E1341,PROFESIONAL 1,75.5,240
605,100786,5E1341,PROFESIONAL 1,4.0,160
606,100787,5E1341,PROFESIONAL 1,64.0,240
607,100788,5E1341,PROFESIONAL 1,59.0,240
608,100790,5E1341,PROFESIONAL 1,106.98,160
609,100791,5E1341,PROFESIONAL 1,29.0,240
610,100792,5E1341,PROFESIONAL 1,0.0,240
611,100823,5E1341,PROFESIONAL 1,0.0,240
612,100824,5E1341,PROFESIONAL 1,12.0,240
613,100826,5E1341,PROFESIONAL 1,0.0,160
614,100843,5E1341,PROFESIONAL 1,0.0,240
615,100846,5E1341,PROFESIONAL 1,0.0,240
616,100849,5E1341,PROFESIONAL 1,67.98,240
617,100851,5E1341,PROFESIONAL 1,16.0,160
618,100853,5E1341,PROFESIONAL 1,139.0,160
619,100868,5E1341,PROFESIONAL 1,20.0,240
620,100873,5E1341,PROFESIONAL 1,32.0,240
621,100874,5E1341,PROFESIONAL 1,0.0,240
622,100878,5E1341,PROFESIONAL 1,4.0,240
623,100882,5E1341,PROFESIONAL 1,8.0,240
624,100892,5E1341,PROFESIONAL 1,8.0,160
625,100893,5E1341,PROFESIONAL 1,0.0,240
626,100910,5E1341,PROFESIONAL 1,54.0,240
627,100924,5E1341,PROFESIONAL 1,41.0,240
628,100926,5E1341,PROFESIONAL 1,92.0,160
629,100927,5E1341,PROFESIONAL 1,0.0,160
630,100930,5E1341,PROFESIONAL 1,17.0,240
631,100932,5E1341,PROFESIONAL 1,452.0,240
632,100958,5E1341,PROFESIONAL 1,60.0,240
633,100959,5E1341,PROFESIONAL 1,28.0,240
634,100964,5E1341,PROFESIONAL 1,28.0,240
635,100967,5E1341,PROFESIONAL 1,12.0,240
636,100977,5E1341,PROFESIONAL 1,18.0,240
637,100989,5E1341,PROFESIONAL 1,55.0,240
638,100992,5E1341,PROFESIONAL 1,0.0,240
639,100998,5E1341,PROFESIONAL 1,4.0,240
640,101078,5E1341,PROFESIONAL 1,21.0,240
641,101153,5E1341,PROFESIONAL 1,0.0,160
642,101173,5E1341,PROFESIONAL 1,64.0,240
643,101341,5E1341,PROFESIONAL 1,0.0,240
644,101362,5E1341,PROFESIONAL 1,488.0,240
645,101382,5E1341,PROFESIONAL 1,165.75,384
646,101457,5E1341,PROFESIONAL 1,8.0,240
647,101542,5E1341,PROFESIONAL 1,344.0,240
648,101586,5E1341,PROFESIONAL 1,8.0,160
649,101593,5E1341,PROFESIONAL 1,48.0,240
650,101596,5E1341,PROFESIONAL 1,45.0,240
651,101608,5E1341,PROFESIONAL 1,289.0,240
652,101728,5E1341,PROFESIONAL 1,0.0,240
653,101770,5E1341,PROFESIONAL 1,0.0,160
654,101810,5E1341,PROFESIONAL 1,17.0,240
655,101841,5E1341,PROFESIONAL 1,149.85,240
656,101847,5E1341,PROFESIONAL 1,4.0,240
657,101861,5E1341,PROFESIONAL 1,9.0,240
658,101906,5E1341,PROFESIONAL 1,0.0,240
659,101929,5E1341,PROFESIONAL 1,150.0,240
660,101938,5E1341,PROFESIONAL 1,35.98,240
661,101953,5E1341,PROFESIONAL 1,0.0,240
662,101977,5E1341,PROFESIONAL 1,133.0,240
663,101994,5E1341,PROFESIONAL 1,142.5,240
664,102002,5E1341,PROFESIONAL 1,24.0,160
665,102007,5E1341,PROFESIONAL 1,0.0,160
666,102013,5E1341,PROFESIONAL 1,37.0,160
667,102024,5E1341,PROFESIONAL 1,0.0,240
668,102056,5E1341,PROFESIONAL 1,0.0,160
669,102065,5E1341,PROFESIONAL 1,20.0,240
670,102140,5E1341,PROFESIONAL 1,105.8,240
671,102365,5E1341,PROFESIONAL 1,4.0,240
672,102395,5E1341,PROFESIONAL 1,36.0,240
673,102421,5E1341,PROFESIONAL 1,90.98,160
674,102429,5E1341,PROFESIONAL 1,163.0,240
675,102430,5E1341,PROFESIONAL 1,0.0,240
676,102436,5E1341,PROFESIONAL 1,0.0,160
677,100004,5E1181,TECNICO 1,55.0,320
678,100869,5E1181,TECNICO 1,35.0,320
679,100870,5E1181,TECNICO 1,4.0,320
680,100871,5E1181,TECNICO 1,17.0,320
681,100872,5E1181,TECNICO 1,68.08,320
682,100876,5E1181,TECNICO 1,71.0,320
683,100877,5E1181,TECNICO 1,21.0,320
684,100970,5E1181,TECNICO 1,84.0,320
685,100991,5E1181,TECNICO 1,12.0,320
686,101005,5E1181,TECNICO 1,70.0,320
687,101007,5E1181,TECNICO 1,23.03,320
688,101022,5E1181,TECNICO 1,56.0,768
689,101024,5E1181,TECNICO 1,80.0,320
690,101076,5E1181,TECNICO 1,120.0,320
691,101102,5E1181,TECNICO 1,45.0,320
692,101105,5E1181,TECNICO 1,159.0,320
693,101118,5E1181,TECNICO 1,70.0,320
694,101119,5E1181,TECNICO 1,4.0,320
695,101120,5E1181,TECNICO 1,8.0,320
696,101121,5E1181,TECNICO 1,36.0,320
697,101122,5E1181,TECNICO 1,8.03,320
698,101124,5E1181,TECNICO 1,52.0,768
699,101196,5E1181,TECNICO 1,208.0,320
700,101215,5E1181,TECNICO 1,0.0,768
701,101216,5E1181,TECNICO 1,8.0,320
702,101218,5E1181,TECNICO 1,37.0,768
703,101219,5E1181,TECNICO 1,9.0,320
704,101220,5E1181,TECNICO 1,79.08,320
705,101221,5E1181,TECNICO 1,4.0,320
706,101222,5E1181,TECNICO 1,14.0,320
707,101224,5E1181,TECNICO 1,4.0,320
708,101225,5E1181,TECNICO 1,16.0,320
709,101226,5E1181,TECNICO 1,80.0,320
710,101227,5E1181,TECNICO 1,69.0,320
711,101228,5E1181,TECNICO 1,12.03,320
712,101229,5E1181,TECNICO 1,0.0,320
713,101230,5E1181,TECNICO 1,0.0,320
714,101231,5E1181,TECNICO 1,201.0,320
715,101232,5E1181,TECNICO 1,91.0,320
716,101233,5E1181,TECNICO 1,68.03,320
717,101234,5E1181,TECNICO 1,41.0,320
718,101235,5E1181,TECNICO 1,188.0,320
719,101236,5E1181,TECNICO 1,0.0,320
720,101237,5E1181,TECNICO 1,33.0,320
721,101238,5E1181,TECNICO 1,6.0,320
722,101239,5E1181,TECNICO 1,53.0,320
723,101240,5E1181,TECNICO 1,56.0,320
724,101241,5E1181,TECNICO 1,32.0,320
725,101242,5E1181,TECNICO 1,3.0,320
726,101243,5E1181,TECNICO 1,23.0,320
727,101244,5E1181,TECNICO 1,32.0,320
728,101245,5E1181,TECNICO 1,0.0,320
729,101246,5E1181,TECNICO 1,12.0,320
730,101247,5E1181,TECNICO 1,21.03,320
731,101248,5E1181,TECNICO 1,165.0,320
732,101252,5E1181,TECNICO 1,8.0,320
733,101253,5E1181,TECNICO 1,35.0,320
734,101254,5E1181,TECNICO 1,74.0,320
735,101256,5E1181,TECNICO 1,60.0,320
736,101257,5E1181,TECNICO 1,49.0,320
737,101258,5E1181,TECNICO 1,128.0,320
738,101259,5E1181,TECNICO 1,9.0,320
739,101260,5E1181,TECNICO 1,18.0,320
740,102182,5E1181,TECNICO 1,10.03,320
741,102183,5E1181,TECNICO 1,96.0,320
742,102376,5E1181,TECNICO 1,16.0,320
743,102449,5E1181,TECNICO 1,0.0,320
744,100007,4L1391,PROFESIONAL 2,30.0,240
745,100008,4L1391,PROFESIONAL 2,46.0,240
746,100013,4L1391,PROFESIONAL 2,13.0,240
747,100018,4L1391,PROFESIONAL 2,71.23,240
748,100020,4L1391,PROFESIONAL 2,0.0,240
749,100021,4L1391,PROFESIONAL 2,28.0,240
750,100103,4L1391,PROFESIONAL 2,81.0,240
751,100124,4L1391,PROFESIONAL 2,41.0,240
752,100140,4L1391,PROFESIONAL 2,56.0,240
753,100153,4L1391,PROFESIONAL 2,36.0,240
754,100188,4L1391,PROFESIONAL 2,56.0,240
755,100208,4L1391,PROFESIONAL 2,59.0,240
756,100217,4L1391,PROFESIONAL 2,57.0,240
757,100258,4L1391,PROFESIONAL 2,30.0,240
758,100264,4L1391,PROFESIONAL 2,55.0,240
759,100275,4L1391,PROFESIONAL 2,25.98,240
760,100282,4L1391,PROFESIONAL 2,35.0,240
761,100311,4L1391,PROFESIONAL 2,120.0,240
762,100327,4L1391,PROFESIONAL 2,0.0,240
763,100372,4L1391,PROFESIONAL 2,55.0,240
764,100390,4L1391,PROFESIONAL 2,11.0,240
765,100428,4L1391,PROFESIONAL 2,45.17,240
766,100449,4L1391,PROFESIONAL 2,30.98,240
767,100466,4L1391,PROFESIONAL 2,43.0,240
768,100486,4L1391,PROFESIONAL 2,12.0,240
769,100542,4L1391,PROFESIONAL 2,54.0,240
770,100543,4L1391,PROFESIONAL 2,44.0,240
771,100548,4L1391,PROFESIONAL 2,32.0,240
772,100555,4L1391,PROFESIONAL 2,0.0,240
773,100584,4L1391,PROFESIONAL 2,0.0,240
774,100586,4L1391,PROFESIONAL 2,28.0,240
775,100598,4L1391,PROFESIONAL 2,0.0,240
776,100600,4L1391,PROFESIONAL 2,16.0,240
777,100602,4L1391,PROFESIONAL 2,71.0,240
778,100617,4L1391,PROFESIONAL 2,43.96,240
779,100619,4L1391,PROFESIONAL 2,75.48,240
780,100621,4L1391,PROFESIONAL 2,14.0,240
781,100632,4L1391,PROFESIONAL 2,91.0,240
782,100638,4L1391,PROFESIONAL 2,20.0,240
783,100639,4L1391,PROFESIONAL 2,4.0,240
784,100641,4L1391,PROFESIONAL 2,1.0,240
785,100643,4L1391,PROFESIONAL 2,39.0,240
786,100657,4L1391,PROFESIONAL 2,26.0,240
787,100703,4L1391,PROFESIONAL 2,7.0,240
788,100720,4L1391,PROFESIONAL 2,35.0,240
789,100730,4L1391,PROFESIONAL 2,3.0,240
790,100738,4L1391,PROFESIONAL 2,49.0,240
791,100755,4L1391,PROFESIONAL 2,16.0,240
792,100761,4L1391,PROFESIONAL 2,133.96,240
793,100802,4L1391,PROFESIONAL 2,28.0,240
794,100809,4L1391,PROFESIONAL 2,0.0,240
795,100812,4L1391,PROFESIONAL 2,23.0,240
796,100838,4L1391,PROFESIONAL 2,77.0,240
797,100839,4L1391,PROFESIONAL 2,0.0,240
798,100840,4L1391,PROFESIONAL 2,0.0,240
799,100852,4L1391,PROFESIONAL 2,22.0,240
800,100895,4L1391,PROFESIONAL 2,199.0,240
801,100909,4L1391,PROFESIONAL 2,54.0,240
802,100951,4L1391,PROFESIONAL 2,13.5,240
803,100960,4L1391,PROFESIONAL 2,6.0,240
804,100962,4L1391,PROFESIONAL 2,8.0,240
805,100985,4L1391,PROFESIONAL 2,44.0,240
806,101010,4L1391,PROFESIONAL 2,0.0,240
807,101016,4L1391,PROFESIONAL 2,62.980000000000004,240
808,101071,4L1391,PROFESIONAL 2,136.0,240
809,101073,4L1391,PROFESIONAL 2,66.0,240
810,101082,4L1391,PROFESIONAL 2,37.0,240
811,101088,4L1391,PROFESIONAL 2,46.0,240
812,101093,4L1391,PROFESIONAL 2,20.0,240
813,101109,4L1391,PROFESIONAL 2,81.0,240
814,101128,4L1391,PROFESIONAL 2,79.0,240
815,101131,4L1391,PROFESIONAL 2,38.0,240
816,101133,4L1391,PROFESIONAL 2,51.0,564
817,101137,4L1391,PROFESIONAL 2,12.0,240
818,101142,4L1391,PROFESIONAL 2,27.0,240
819,101144,4L1391,PROFESIONAL 2,74.0,240
820,101152,4L1391,PROFESIONAL 2,28.0,240
821,101165,4L1391,PROFESIONAL 2,78.0,240
822,101167,4L1391,PROFESIONAL 2,268.5,504
823,101181,4L1391,PROFESIONAL 2,74.0,240
824,101199,4L1391,PROFESIONAL 2,10.0,240
825,101200,4L1391,PROFESIONAL 2,96.0,240
826,101209,4L1391,PROFESIONAL 2,103.98,576
827,101264,4L1391,PROFESIONAL 2,111.0,240
828,101269,4L1391,PROFESIONAL 2,16.0,240
829,101275,4L1391,PROFESIONAL 2,79.86,240
830,101282,4L1391,PROFESIONAL 2,8.0,240
831,101286,4L1391,PROFESIONAL 2,52.0,240
832,101296,4L1391,PROFESIONAL 2,92.0,576
833,101331,4L1391,PROFESIONAL 2,6.0,240
834,101349,4L1391,PROFESIONAL 2,30.880000000000003,240
835,101358,4L1391,PROFESIONAL 2,40.0,240
836,101359,4L1391,PROFESIONAL 2,159.5,240
837,101371,4L1391,PROFESIONAL 2,24.98,240
838,101376,4L1391,PROFESIONAL 2,53.33,576
839,101385,4L1391,PROFESIONAL 2,16.0,240
840,101390,4L1391,PROFESIONAL 2,52.980000000000004,240
841,101403,4L1391,PROFESIONAL 2,61.5,240
842,101407,4L1391,PROFESIONAL 2,4.0,564
843,101416,4L1391,PROFESIONAL 2,48.0,240
844,101430,4L1391,PROFESIONAL 2,0.0,240
845,101443,4L1391,PROFESIONAL 2,262.0,240
846,101445,4L1391,PROFESIONAL 2,37.0,240
847,101460,4L1391,PROFESIONAL 2,55.980000000000004,240
848,101469,4L1391,PROFESIONAL 2,87.0,240
849,101478,4L1391,PROFESIONAL 2,36.0,240
850,101481,4L1391,PROFESIONAL 2,92.0,240
851,101483,4L1391,PROFESIONAL 2,36.0,564
852,101488,4L1391,PROFESIONAL 2,46.0,240
853,101497,4L1391,PROFESIONAL 2,44.0,240
854,101512,4L1391,PROFESIONAL 2,244.0,240
855,101515,4L1391,PROFESIONAL 2,54.0,576
856,101522,4L1391,PROFESIONAL 2,24.0,240
857,101530,4L1391,PROFESIONAL 2,0.0,240
858,101552,4L1391,PROFESIONAL 2,30.0,240
859,101553,4L1391,PROFESIONAL 2,52.0,240
860,101556,4L1391,PROFESIONAL 2,145.5,240
861,101560,4L1391,PROFESIONAL 2,70.0,240
862,101565,4L1391,PROFESIONAL 2,42.0,240
863,101609,4L1391,PROFESIONAL 2,47.980000000000004,240
864,101616,4L1391,PROFESIONAL 2,30.0,240
865,101625,4L1391,PROFESIONAL 2,6.0,240
866,101629,4L1391,PROFESIONAL 2,28.0,240
867,101631,4L1391,PROFESIONAL 2,90.0,240
868,101632,4L1391,PROFESIONAL 2,48.0,240
869,101641,4L1391,PROFESIONAL 2,14.0,240
870,101648,4L1391,PROFESIONAL 2,0.0,240
871,101652,4L1391,PROFESIONAL 2,26.0,240
872,101656,4L1391,PROFESIONAL 2,168.07999999999998,240
873,101657,4L1391,PROFESIONAL 2,76.0,240
874,101661,4L1391,PROFESIONAL 2,0.0,240
875,101666,4L1391,PROFESIONAL 2,180.0,240
876,101672,4L1391,PROFESIONAL 2,107.0,240
877,101673,4L1391,PROFESIONAL 2,55.5,240
878,101680,4L1391,PROFESIONAL 2,4.5,240
879,101688,4L1391,PROFESIONAL 2,111.0,240
880,101714,4L1391,PROFESIONAL 2,53.0,240
881,101735,4L1391,PROFESIONAL 2,58.0,240
882,101751,4L1391,PROFESIONAL 2,0.0,240
883,101760,4L1391,PROFESIONAL 2,14.0,240
884,101773,4L1391,PROFESIONAL 2,62.0,240
885,101776,4L1391,PROFESIONAL 2,9.0,240
886,101778,4L1391,PROFESIONAL 2,25.98,240
887,101784,4L1391,PROFESIONAL 2,34.0,576
888,101787,4L1391,PROFESIONAL 2,25.0,240
889,101789,4L1391,PROFESIONAL 2,24.0,240
890,101800,4L1391,PROFESIONAL 2,34.0,240
891,101801,4L1391,PROFESIONAL 2,63.0,240
892,101822,4L1391,PROFESIONAL 2,42.0,240
893,101826,4L1391,PROFESIONAL 2,134.0,240
894,101827,4L1391,PROFESIONAL 2,18.0,240
895,101828,4L1391,PROFESIONAL 2,28.0,240
896,101833,4L1391,PROFESIONAL 2,64.0,240
897,101835,4L1391,PROFESIONAL 2,83.94,240
898,101838,4L1391,PROFESIONAL 2,46.0,240
899,101850,4L1391,PROFESIONAL 2,38.25,240
900,101873,4L1391,PROFESIONAL 2,18.0,240
901,101877,4L1391,PROFESIONAL 2,75.0,240
902,101912,4L1391,PROFESIONAL 2,28.0,240
903,101914,4L1391,PROFESIONAL 2,30.0,240
904,101915,4L1391,PROFESIONAL 2,62.0,240
905,101919,4L1391,PROFESIONAL 2,53.0,240
906,101932,4L1391,PROFESIONAL 2,145.25,240
907,101936,4L1391,PROFESIONAL 2,30.0,240
908,101944,4L1391,PROFESIONAL 2,20.0,240
909,101954,4L1391,PROFESIONAL 2,48.0,240
910,101958,4L1391,PROFESIONAL 2,105.0,240
911,101962,4L1391,PROFESIONAL 2,53.0,240
912,101964,4L1391,PROFESIONAL 2,49.0,240
913,101966,4L1391,PROFESIONAL 2,25.0,240
914,101971,4L1391,PROFESIONAL 2,7.0,240
915,101974,4L1391,PROFESIONAL 2,87.0,240
916,101983,4L1391,PROFESIONAL 2,32.0,240
917,101992,4L1391,PROFESIONAL 2,40.0,240
918,101996,4L1391,PROFESIONAL 2,38.0,240
919,102000,4L1391,PROFESIONAL 2,83.0,240
920,102001,4L1391,PROFESIONAL 2,31.0,240
921,102009,4L1391,PROFESIONAL 2,5.98,240
922,102012,4L1391,PROFESIONAL 2,45.0,240
923,102025,4L1391,PROFESIONAL 2,17.0,240
924,102032,4L1391,PROFESIONAL 2,0.0,240
925,102045,4L1391,PROFESIONAL 2,12.0,240
926,102051,4L1391,PROFESIONAL 2,50.5,240
927,102077,4L1391,PROFESIONAL 2,363.75,240
928,102080,4L1391,PROFESIONAL 2,104.0,240
929,102085,4L1391,PROFESIONAL 2,179.0,240
930,102091,4L1391,PROFESIONAL 2,401.0,240
931,102102,4L1391,PROFESIONAL 2,34.0,240
932,102105,4L1391,PROFESIONAL 2,6.5,240
933,102121,4L1391,PROFESIONAL 2,29.0,240
934,102122,4L1391,PROFESIONAL 2,63.0,240
935,102132,4L1391,PROFESIONAL 2,100.98,240
936,102133,4L1391,PROFESIONAL 2,10.0,240
937,102159,4L1391,PROFESIONAL 2,0.0,240
938,102165,4L1391,PROFESIONAL 2,6.0,240
939,102166,4L1391,PROFESIONAL 2,43.0,240
940,102169,4L1391,PROFESIONAL 2,82.0,576
941,102173,4L1391,PROFESIONAL 2,303.96,240
942,102207,4L1391,PROFESIONAL 2,33.980000000000004,240
943,102420,4L1391,PROFESIONAL 2,28.0,240
944,102447,4L1391,PROFESIONAL 2,24.0,240
945,100009,4L1311,ANALISTA 1,12.0,768
946,100011,4L1311,ANALISTA 1,57.0,768
947,100034,4L1311,ANALISTA 1,28.0,768
948,100039,4L1311,ANALISTA 1,41.0,768
949,100046,4L1311,ANALISTA 1,33.5,768
950,100147,4L1311,ANALISTA 1,70.0,768
951,100196,4L1311,ANALISTA 1,8.0,768
952,100209,4L1311,ANALISTA 1,13.0,768
953,100214,4L1311,ANALISTA 1,28.5,768
954,100215,4L1311,ANALISTA 1,15.0,768
955,100260,4L1311,ANALISTA 1,9.5,768
956,100263,4L1311,ANALISTA 1,58.5,768
957,100269,4L1311,ANALISTA 1,52.5,768
958,100273,4L1311,ANALISTA 1,45.0,768
959,100276,4L1311,ANALISTA 1,32.5,768
960,100279,4L1311,ANALISTA 1,11.0,768
961,100287,4L1311,ANALISTA 1,120.0,768
962,100348,4L1311,ANALISTA 1,5.0,768
963,100384,4L1311,ANALISTA 1,14.0,768
964,100387,4L1311,ANALISTA 1,15.0,768
965,100448,4L1311,ANALISTA 1,3.5,768
966,100591,4L1311,ANALISTA 1,20.5,768
967,100599,4L1311,ANALISTA 1,23.0,768
968,100724,4L1311,ANALISTA 1,44.0,768
969,100746,4L1311,ANALISTA 1,29.0,768
970,100765,4L1311,ANALISTA 1,45.0,768
971,100803,4L1311,ANALISTA 1,0.0,768
972,100804,4L1311,ANALISTA 1,21.5,768
973,100854,4L1311,ANALISTA 1,9.84,768
974,100904,4L1311,ANALISTA 1,17.5,768
975,100906,4L1311,ANALISTA 1,35.5,768
976,100911,4L1311,ANALISTA 1,21.0,768
977,100935,4L1311,ANALISTA 1,8.0,768
978,100974,4L1311,ANALISTA 1,26.75,768
979,100997,4L1311,ANALISTA 1,0.0,768
980,101004,4L1311,ANALISTA 1,55.0,768
981,101115,4L1311,ANALISTA 1,72.0,768
982,101190,4L1311,ANALISTA 1,17.0,768
983,101267,4L1311,ANALISTA 1,84.5,768
984,101301,4L1311,ANALISTA 1,15.02,768
985,101757,4L1311,ANALISTA 1,13.0,768
986,101839,4L1311,ANALISTA 1,121.0,768
987,101901,4L1311,ANALISTA 1,26.0,768
988,101931,4L1311,ANALISTA 1,85.0,768
989,101973,4L1311,ANALISTA 1,33.5,768
990,101989,4L1311,ANALISTA 1,16.0,768
991,102049,4L1311,ANALISTA 1,57.0,768
992,102089,4L1311,ANALISTA 1,54.84,768
993,102125,4L1311,ANALISTA 1,101.0,768
994,102155,4L1311,ANALISTA 1,20.0,768
995,102390,4L1311,ANALISTA 1,13.0,768
996,100010,5D1261,AUXILIAR 2,66.0,240
997,100023,5D1261,AUXILIAR 2,120.0,240
998,100029,5D1261,AUXILIAR 2,86.5,240
999,100035,5D1261,AUXILIAR 2,100.5,240
1000,100041,5D1261,AUXILIAR 2,122.0,240
1001,100050,5D1261,AUXILIAR 2,43.0,240
1002,100051,5D1261,AUXILIAR 2,140.0,240
1003,100060,5D1261,AUXILIAR 2,127.0,240
1004,100073,5D1261,AUXILIAR 2,46.0,240
1005,100087,5D1261,AUXILIAR 2,51.5,240
1006,100094,5D1261,AUXILIAR 2,27.0,240
1007,100106,5D1261,AUXILIAR 2,53.0,240
1008,100109,5D1261,AUXILIAR 2,24.0,240
1009,100120,5D1261,AUXILIAR 2,27.0,240
1010,100123,5D1261,AUXILIAR 2,103.0,240
1011,100146,5D1261,AUXILIAR 2,62.0,240
1012,100156,5D1261,AUXILIAR 2,30.0,240
1013,100167,5D1261,AUXILIAR 2,127.5,240
1014,100178,5D1261,AUXILIAR 2,75.0,240
1015,100229,5D1261,AUXILIAR 2,80.0,240
1016,100231,5D1261,AUXILIAR 2,6.0,240
1017,100236,5D1261,AUXILIAR 2,35.0,240
1018,100237,5D1261,AUXILIAR 2,143.0,240
1019,100242,5D1261,AUXILIAR 2,86.0,240
1020,100277,5D1261,AUXILIAR 2,15.0,240
1021,100283,5D1261,AUXILIAR 2,108.0,240
1022,100295,5D1261,AUXILIAR 2,44.0,240
1023,100301,5D1261,AUXILIAR 2,17.0,240
1024,100302,5D1261,AUXILIAR 2,51.0,240
1025,100318,5D1261,AUXILIAR 2,34.0,240
1026,100358,5D1261,AUXILIAR 2,13.0,240
1027,100364,5D1261,AUXILIAR 2,37.0,240
1028,100379,5D1261,AUXILIAR 2,25.0,240
1029,100380,5D1261,AUXILIAR 2,25.0,240
1030,100383,5D1261,AUXILIAR 2,12.0,240
1031,100388,5D1261,AUXILIAR 2,18.0,240
1032,100436,5D1261,AUXILIAR 2,73.5,240
1033,100437,5D1261,AUXILIAR 2,36.0,240
1034,100441,5D1261,AUXILIAR 2,18.0,240
1035,100442,5D1261,AUXILIAR 2,90.0,240
1036,100443,5D1261,AUXILIAR 2,0.0,240
1037,100445,5D1261,AUXILIAR 2,107.0,240
1038,100447,5D1261,AUXILIAR 2,28.0,240
1039,100458,5D1261,AUXILIAR 2,83.0,240
1040,100463,5D1261,AUXILIAR 2,185.0,240
1041,100468,5D1261,AUXILIAR 2,90.0,240
1042,100470,5D1261,AUXILIAR 2,19.0,240
1043,100475,5D1261,AUXILIAR 2,61.0,240
1044,100478,5D1261,AUXILIAR 2,19.0,240
1045,100493,5D1261,AUXILIAR 2,104.0,240
1046,100494,5D1261,AUXILIAR 2,49.0,240
1047,100499,5D1261,AUXILIAR 2,0.0,240
1048,100518,5D1261,AUXILIAR 2,243.0,240
1049,100520,5D1261,AUXILIAR 2,62.0,240
1050,100523,5D1261,AUXILIAR 2,147.5,240
1051,100524,5D1261,AUXILIAR 2,62.0,240
1052,100525,5D1261,AUXILIAR 2,15.0,240
1053,100529,5D1261,AUXILIAR 2,84.0,240
1054,100539,5D1261,AUXILIAR 2,6.0,240
1055,100545,5D1261,AUXILIAR 2,26.0,240
1056,100550,5D1261,AUXILIAR 2,43.5,240
1057,100554,5D1261,AUXILIAR 2,17.0,240
1058,100583,5D1261,AUXILIAR 2,43.0,240
1059,100608,5D1261,AUXILIAR 2,220.0,240
1060,100647,5D1261,AUXILIAR 2,32.0,240
1061,100648,5D1261,AUXILIAR 2,207.0,240
1062,100650,5D1261,AUXILIAR 2,46.0,240
1063,100652,5D1261,AUXILIAR 2,24.0,240
1064,100656,5D1261,AUXILIAR 2,74.0,240
1065,100658,5D1261,AUXILIAR 2,56.0,240
1066,100681,5D1261,AUXILIAR 2,26.0,240
1067,100684,5D1261,AUXILIAR 2,3.0,240
1068,100690,5D1261,AUXILIAR 2,6.0,240
1069,100706,5D1261,AUXILIAR 2,30.0,240
1070,100737,5D1261,AUXILIAR 2,97.5,240
1071,100756,5D1261,AUXILIAR 2,178.18,240
1072,100759,5D1261,AUXILIAR 2,71.0,240
1073,100764,5D1261,AUXILIAR 2,209.0,240
1074,100768,5D1261,AUXILIAR 2,24.0,240
1075,100806,5D1261,AUXILIAR 2,33.0,240
1076,100816,5D1261,AUXILIAR 2,75.0,240
1077,100844,5D1261,AUXILIAR 2,60.0,240
1078,100860,5D1261,AUXILIAR 2,125.33,240
1079,100864,5D1261,AUXILIAR 2,23.0,240
1080,100879,5D1261,AUXILIAR 2,197.0,240
1081,100888,5D1261,AUXILIAR 2,30.0,240
1082,100891,5D1261,AUXILIAR 2,80.0,240
1083,100902,5D1261,AUXILIAR 2,34.0,240
1084,100907,5D1261,AUXILIAR 2,99.5,240
1085,100913,5D1261,AUXILIAR 2,3.0,240
1086,100921,5D1261,AUXILIAR 2,12.0,240
1087,100941,5D1261,AUXILIAR 2,27.0,240
1088,100945,5D1261,AUXILIAR 2,43.0,240
1089,100946,5D1261,AUXILIAR 2,47.0,240
1090,100947,5D1261,AUXILIAR 2,96.0,240
1091,100948,5D1261,AUXILIAR 2,44.0,240
1092,100949,5D1261,AUXILIAR 2,128.0,240
1093,100953,5D1261,AUXILIAR 2,104.0,240
1094,100980,5D1261,AUXILIAR 2,43.5,240
1095,100982,5D1261,AUXILIAR 2,107.0,240
1096,100988,5D1261,AUXILIAR 2,61.0,240
1097,100990,5D1261,AUXILIAR 2,42.0,240
1098,101064,5D1261,AUXILIAR 2,130.0,240
1099,101065,5D1261,AUXILIAR 2,14.0,240
1100,101069,5D1261,AUXILIAR 2,30.0,240
1101,101074,5D1261,AUXILIAR 2,8.0,396
1102,101075,5D1261,AUXILIAR 2,31.0,240
1103,101081,5D1261,AUXILIAR 2,14.0,408
1104,101092,5D1261,AUXILIAR 2,50.0,240
1105,101096,5D1261,AUXILIAR 2,11.0,240
1106,101101,5D1261,AUXILIAR 2,89.0,240
1107,101106,5D1261,AUXILIAR 2,13.0,240
1108,101110,5D1261,AUXILIAR 2,33.0,240
1109,101129,5D1261,AUXILIAR 2,45.0,240
1110,101150,5D1261,AUXILIAR 2,38.0,240
1111,101154,5D1261,AUXILIAR 2,85.0,240
1112,101171,5D1261,AUXILIAR 2,2.0,420
1113,101176,5D1261,AUXILIAR 2,204.0,408
1114,101183,5D1261,AUXILIAR 2,59.0,240
1115,101184,5D1261,AUXILIAR 2,52.0,240
1116,101185,5D1261,AUXILIAR 2,35.0,240
1117,101201,5D1261,AUXILIAR 2,28.0,240
1118,101213,5D1261,AUXILIAR 2,43.0,240
1119,101214,5D1261,AUXILIAR 2,38.5,408
1120,101263,5D1261,AUXILIAR 2,142.0,408
1121,101277,5D1261,AUXILIAR 2,57.0,240
1122,101287,5D1261,AUXILIAR 2,56.5,240
1123,101302,5D1261,AUXILIAR 2,24.0,240
1124,101303,5D1261,AUXILIAR 2,76.0,240
1125,101304,5D1261,AUXILIAR 2,82.5,240
1126,101313,5D1261,AUXILIAR 2,27.0,240
1127,101323,5D1261,AUXILIAR 2,61.0,240
1128,101327,5D1261,AUXILIAR 2,126.5,240
1129,101334,5D1261,AUXILIAR 2,19.0,240
1130,101366,5D1261,AUXILIAR 2,207.0,396
1131,101368,5D1261,AUXILIAR 2,17.0,240
1132,101383,5D1261,AUXILIAR 2,78.0,384
1133,101389,5D1261,AUXILIAR 2,298.08,396
1134,101391,5D1261,AUXILIAR 2,31.0,384
1135,101392,5D1261,AUXILIAR 2,172.25,396
1136,101402,5D1261,AUXILIAR 2,12.0,384
1137,101412,5D1261,AUXILIAR 2,44.0,240
1138,101415,5D1261,AUXILIAR 2,58.0,480
1139,101420,5D1261,AUXILIAR 2,124.0,408
1140,101423,5D1261,AUXILIAR 2,172.0,420
1141,101424,5D1261,AUXILIAR 2,49.0,240
1142,101425,5D1261,AUXILIAR 2,48.0,240
1143,101435,5D1261,AUXILIAR 2,3.0,240
1144,101438,5D1261,AUXILIAR 2,65.0,396
1145,101456,5D1261,AUXILIAR 2,47.0,408
1146,101458,5D1261,AUXILIAR 2,69.0,240
1147,101459,5D1261,AUXILIAR 2,35.0,240
1148,101471,5D1261,AUXILIAR 2,47.0,384
1149,101480,5D1261,AUXILIAR 2,164.0,240
1150,101489,5D1261,AUXILIAR 2,190.0,396
1151,101492,5D1261,AUXILIAR 2,32.0,408
1152,101500,5D1261,AUXILIAR 2,52.42,240
1153,101506,5D1261,AUXILIAR 2,21.0,240
1154,101510,5D1261,AUXILIAR 2,30.0,552
1155,101513,5D1261,AUXILIAR 2,22.0,240
1156,101519,5D1261,AUXILIAR 2,127.0,240
1157,101540,5D1261,AUXILIAR 2,60.0,408
1158,101541,5D1261,AUXILIAR 2,48.0,240
1159,101544,5D1261,AUXILIAR 2,76.0,408
1160,101545,5D1261,AUXILIAR 2,100.0,240
1161,101550,5D1261,AUXILIAR 2,136.0,240
1162,101559,5D1261,AUXILIAR 2,93.0,240
1163,101564,5D1261,AUXILIAR 2,153.5,240
1164,101582,5D1261,AUXILIAR 2,45.0,240
1165,101587,5D1261,AUXILIAR 2,240.0,240
1166,101598,5D1261,AUXILIAR 2,154.0,240
1167,101599,5D1261,AUXILIAR 2,77.0,360
1168,101601,5D1261,AUXILIAR 2,78.0,240
1169,101605,5D1261,AUXILIAR 2,131.0,240
1170,101606,5D1261,AUXILIAR 2,9.0,240
1171,101607,5D1261,AUXILIAR 2,92.25,240
1172,101613,5D1261,AUXILIAR 2,26.0,240
1173,101614,5D1261,AUXILIAR 2,337.0,240
1174,101626,5D1261,AUXILIAR 2,69.0,240
1175,101627,5D1261,AUXILIAR 2,27.0,240
1176,101628,5D1261,AUXILIAR 2,802.0,240
1177,101637,5D1261,AUXILIAR 2,6.0,240
1178,101639,5D1261,AUXILIAR 2,112.8,240
1179,101643,5D1261,AUXILIAR 2,56.0,240
1180,101645,5D1261,AUXILIAR 2,12.0,240
1181,101651,5D1261,AUXILIAR 2,115.0,240
1182,101653,5D1261,AUXILIAR 2,24.0,240
1183,101663,5D1261,AUXILIAR 2,41.0,408
1184,101670,5D1261,AUXILIAR 2,20.0,240
1185,101671,5D1261,AUXILIAR 2,27.0,240
1186,101676,5D1261,AUXILIAR 2,41.0,240
1187,101677,5D1261,AUXILIAR 2,10.0,240
1188,101679,5D1261,AUXILIAR 2,88.0,240
1189,101684,5D1261,AUXILIAR 2,25.5,240
1190,101692,5D1261,AUXILIAR 2,262.0,240
1191,101693,5D1261,AUXILIAR 2,49.72,240
1192,101695,5D1261,AUXILIAR 2,66.5,240
1193,101698,5D1261,AUXILIAR 2,33.0,240
1194,101701,5D1261,AUXILIAR 2,66.0,240
1195,101706,5D1261,AUXILIAR 2,6.0,240
1196,101708,5D1261,AUXILIAR 2,50.0,240
1197,101713,5D1261,AUXILIAR 2,30.5,240
1198,101724,5D1261,AUXILIAR 2,131.0,240
1199,101727,5D1261,AUXILIAR 2,17.5,240
1200,101734,5D1261,AUXILIAR 2,32.0,240
1201,101737,5D1261,AUXILIAR 2,3.0,240
1202,101738,5D1261,AUXILIAR 2,117.5,240
1203,101740,5D1261,AUXILIAR 2,157.5,240
1204,101746,5D1261,AUXILIAR 2,12.0,240
1205,101748,5D1261,AUXILIAR 2,33.0,240
1206,101754,5D1261,AUXILIAR 2,96.0,240
1207,101755,5D1261,AUXILIAR 2,72.0,240
1208,101756,5D1261,AUXILIAR 2,80.0,240
1209,101762,5D1261,AUXILIAR 2,235.0,240
1210,101765,5D1261,AUXILIAR 2,12.0,240
1211,101766,5D1261,AUXILIAR 2,30.0,240
1212,101768,5D1261,AUXILIAR 2,58.0,240
1213,101774,5D1261,AUXILIAR 2,37.75,420
1214,101794,5D1261,AUXILIAR 2,37.0,240
1215,101795,5D1261,AUXILIAR 2,87.12,240
1216,101807,5D1261,AUXILIAR 2,72.5,240
1217,101811,5D1261,AUXILIAR 2,11.0,240
1218,101812,5D1261,AUXILIAR 2,112.0,240
1219,101816,5D1261,AUXILIAR 2,110.0,240
1220,101831,5D1261,AUXILIAR 2,96.0,240
1221,101832,5D1261,AUXILIAR 2,85.5,240
1222,101836,5D1261,AUXILIAR 2,67.0,240
1223,101843,5D1261,AUXILIAR 2,46.0,240
1224,101848,5D1261,AUXILIAR 2,329.0,240
1225,101851,5D1261,AUXILIAR 2,99.0,240
1226,101858,5D1261,AUXILIAR 2,13.0,240
1227,101867,5D1261,AUXILIAR 2,11.0,240
1228,101869,5D1261,AUXILIAR 2,6.0,240
1229,101880,5D1261,AUXILIAR 2,61.0,240
1230,101887,5D1261,AUXILIAR 2,71.0,240
1231,101893,5D1261,AUXILIAR 2,45.0,240
1232,101896,5D1261,AUXILIAR 2,55.0,240
1233,101897,5D1261,AUXILIAR 2,11.0,240
1234,101900,5D1261,AUXILIAR 2,267.0,240
1235,101902,5D1261,AUXILIAR 2,297.9,240
1236,101903,5D1261,AUXILIAR 2,146.0,240
1237,101916,5D1261,AUXILIAR 2,9.0,240
1238,101917,5D1261,AUXILIAR 2,58.0,240
1239,101922,5D1261,AUXILIAR 2,111.0,240
1240,101923,5D1261,AUXILIAR 2,61.0,240
1241,101935,5D1261,AUXILIAR 2,20.0,240
1242,101937,5D1261,AUXILIAR 2,30.45,240
1243,101945,5D1261,AUXILIAR 2,51.0,240
1244,101951,5D1261,AUXILIAR 2,45.0,240
1245,101963,5D1261,AUXILIAR 2,34.0,240
1246,101965,5D1261,AUXILIAR 2,39.0,240
1247,102008,5D1261,AUXILIAR 2,128.0,240
1248,102014,5D1261,AUXILIAR 2,116.0,240
1249,102028,5D1261,AUXILIAR 2,65.0,240
1250,102036,5D1261,AUXILIAR 2,63.0,240
1251,102037,5D1261,AUXILIAR 2,20.0,240
1252,102054,5D1261,AUXILIAR 2,21.0,240
1253,102069,5D1261,AUXILIAR 2,122.0,240
1254,102070,5D1261,AUXILIAR 2,35.0,240
1255,102082,5D1261,AUXILIAR 2,29.0,240
1256,102084,5D1261,AUXILIAR 2,32.0,240
1257,102092,5D1261,AUXILIAR 2,42.0,240
1258,102097,5D1261,AUXILIAR 2,140.0,240
1259,102100,5D1261,AUXILIAR 2,35.0,240
1260,102104,5D1261,AUXILIAR 2,59.5,240
1261,102111,5D1261,AUXILIAR 2,484.0,240
1262,102112,5D1261,AUXILIAR 2,100.5,240
1263,102115,5D1261,AUXILIAR 2,65.0,240
1264,102119,5D1261,AUXILIAR 2,86.0,240
1265,102123,5D1261,AUXILIAR 2,127.0,240
1266,102127,5D1261,AUXILIAR 2,29.0,240
1267,102134,5D1261,AUXILIAR 2,31.0,240
1268,102142,5D1261,AUXILIAR 2,47.5,240
1269,102405,5D1261,AUXILIAR 2,35.0,240
1270,100014,4K1531,PROFESIONAL 5,20.0,240
1271,100040,4K1531,PROFESIONAL 5,3.0,240
1272,100049,4K1531,PROFESIONAL 5,123.0,240
1273,100101,4K1531,PROFESIONAL 5,0.0,240
1274,100149,4K1531,PROFESIONAL 5,40.0,240
1275,100151,4K1531,PROFESIONAL 5,9.0,240
1276,100152,4K1531,PROFESIONAL 5,52.0,240
1277,100255,4K1531,PROFESIONAL 5,49.0,240
1278,100256,4K1531,PROFESIONAL 5,79.0,240
1279,100261,4K1531,PROFESIONAL 5,3.0,240
1280,100286,4K1531,PROFESIONAL 5,19.0,240
1281,100307,4K1531,PROFESIONAL 5,51.0,240
1282,100351,4K1531,PROFESIONAL 5,85.0,240
1283,100353,4K1531,PROFESIONAL 5,3.0,240
1284,100373,4K1531,PROFESIONAL 5,233.5,240
1285,100374,4K1531,PROFESIONAL 5,61.0,240
1286,100432,4K1531,PROFESIONAL 5,67.0,240
1287,100462,4K1531,PROFESIONAL 5,151.5,240
1288,100519,4K1531,PROFESIONAL 5,28.0,240
1289,100528,4K1531,PROFESIONAL 5,3.0,240
1290,100576,4K1531,PROFESIONAL 5,129.0,408
1291,100592,4K1531,PROFESIONAL 5,48.0,240
1292,100612,4K1531,PROFESIONAL 5,67.0,240
1293,100613,4K1531,PROFESIONAL 5,52.0,240
1294,100622,4K1531,PROFESIONAL 5,118.0,240
1295,100696,4K1531,PROFESIONAL 5,126.5,240
1296,100732,4K1531,PROFESIONAL 5,58.0,240
1297,100743,4K1531,PROFESIONAL 5,56.0,240
1298,100745,4K1531,PROFESIONAL 5,78.5,240
1299,100774,4K1531,PROFESIONAL 5,118.0,240
1300,100797,4K1531,PROFESIONAL 5,60.0,240
1301,100896,4K1531,PROFESIONAL 5,12.0,240
1302,101002,4K1531,PROFESIONAL 5,24.0,240
1303,101040,4K1531,PROFESIONAL 5,58.0,408
1304,101042,4K1531,PROFESIONAL 5,17.0,408
1305,101047,4K1531,PROFESIONAL 5,27.0,408
1306,101054,4K1531,PROFESIONAL 5,47.0,240
1307,101070,4K1531,PROFESIONAL 5,18.0,240
1308,101072,4K1531,PROFESIONAL 5,131.5,240
1309,101094,4K1531,PROFESIONAL 5,50.0,240
1310,101114,4K1531,PROFESIONAL 5,72.0,240
1311,101117,4K1531,PROFESIONAL 5,22.0,240
1312,101125,4K1531,PROFESIONAL 5,40.0,240
1313,101161,4K1531,PROFESIONAL 5,38.0,240
1314,101170,4K1531,PROFESIONAL 5,14.0,408
1315,101174,4K1531,PROFESIONAL 5,103.98,408
1316,101175,4K1531,PROFESIONAL 5,100.0,240
1317,101217,4K1531,PROFESIONAL 5,29.0,408
1318,101270,4K1531,PROFESIONAL 5,86.0,408
1319,101271,4K1531,PROFESIONAL 5,43.0,408
1320,101273,4K1531,PROFESIONAL 5,46.0,408
1321,101274,4K1531,PROFESIONAL 5,13.0,240
1322,101290,4K1531,PROFESIONAL 5,35.0,408
1323,101294,4K1531,PROFESIONAL 5,40.0,240
1324,101297,4K1531,PROFESIONAL 5,12.0,240
1325,101300,4K1531,PROFESIONAL 5,30.0,240
1326,101333,4K1531,PROFESIONAL 5,21.0,408
1327,101340,4K1531,PROFESIONAL 5,125.0,408
1328,101344,4K1531,PROFESIONAL 5,97.0,408
1329,101369,4K1531,PROFESIONAL 5,78.5,408
1330,101372,4K1531,PROFESIONAL 5,36.0,420
1331,101388,4K1531,PROFESIONAL 5,21.0,240
1332,101399,4K1531,PROFESIONAL 5,88.0,408
1333,101405,4K1531,PROFESIONAL 5,26.0,240
1334,101427,4K1531,PROFESIONAL 5,6.0,396
1335,101450,4K1531,PROFESIONAL 5,649.0,408
1336,101461,4K1531,PROFESIONAL 5,96.5,240
1337,101470,4K1531,PROFESIONAL 5,36.0,240
1338,101472,4K1531,PROFESIONAL 5,9.0,240
1339,101474,4K1531,PROFESIONAL 5,177.0,240
1340,101482,4K1531,PROFESIONAL 5,209.0,240
1341,101493,4K1531,PROFESIONAL 5,77.5,240
1342,101507,4K1531,PROFESIONAL 5,94.0,240
1343,101517,4K1531,PROFESIONAL 5,109.0,240
1344,101557,4K1531,PROFESIONAL 5,28.0,240
1345,101561,4K1531,PROFESIONAL 5,1172.0,240
1346,101583,4K1531,PROFESIONAL 5,90.5,240
1347,101602,4K1531,PROFESIONAL 5,12.0,240
1348,101636,4K1531,PROFESIONAL 5,20.0,420
1349,101644,4K1531,PROFESIONAL 5,144.5,240
1350,101650,4K1531,PROFESIONAL 5,128.0,240
1351,101654,4K1531,PROFESIONAL 5,93.5,240
1352,101664,4K1531,PROFESIONAL 5,165.0,240
1353,101668,4K1531,PROFESIONAL 5,121.0,240
1354,101686,4K1531,PROFESIONAL 5,608.0,240
1355,101711,4K1531,PROFESIONAL 5,154.5,240
1356,101712,4K1531,PROFESIONAL 5,22.0,240
1357,101723,4K1531,PROFESIONAL 5,36.0,240
1358,101730,4K1531,PROFESIONAL 5,44.0,240
1359,101747,4K1531,PROFESIONAL 5,23.0,240
1360,101750,4K1531,PROFESIONAL 5,116.0,240
1361,101772,4K1531,PROFESIONAL 5,25.0,408
1362,101782,4K1531,PROFESIONAL 5,57.0,240
1363,101788,4K1531,PROFESIONAL 5,91.0,240
1364,101853,4K1531,PROFESIONAL 5,24.0,240
1365,101854,4K1531,PROFESIONAL 5,123.0,240
1366,101879,4K1531,PROFESIONAL 5,31.0,240
1367,101911,4K1531,PROFESIONAL 5,158.0,240
1368,101926,4K1531,PROFESIONAL 5,85.0,240
1369,101981,4K1531,PROFESIONAL 5,201.0,240
1370,101986,4K1531,PROFESIONAL 5,10.0,240
1371,101990,4K1531,PROFESIONAL 5,112.0,240
1372,102004,4K1531,PROFESIONAL 5,27.0,240
1373,102015,4K1531,PROFESIONAL 5,42.5,240
1374,102050,4K1531,PROFESIONAL 5,49.0,240
1375,102096,4K1531,PROFESIONAL 5,37.0,240
1376,102129,4K1531,PROFESIONAL 5,67.0,240
1377,102158,4K1531,PROFESIONAL 5,17.0,240
1378,102161,4K1531,PROFESIONAL 5,91.0,408
1379,102170,4K1531,PROFESIONAL 5,107.0,240
1380,102171,4K1531,PROFESIONAL 5,91.0,240
1381,102188,4K1531,PROFESIONAL 5,0.0,240
1382,102190,4K1531,PROFESIONAL 5,20.5,240
1383,102208,4K1531,PROFESIONAL 5,35.0,240
1384,102229,4K1531,PROFESIONAL 5,61.0,240
1385,102234,4K1531,PROFESIONAL 5,53.0,240
1386,102251,4K1531,PROFESIONAL 5,289.5,408
1387,102276,4K1531,PROFESIONAL 5,114.0,408
1388,102284,4K1531,PROFESIONAL 5,71.0,408
1389,102286,4K1531,PROFESIONAL 5,12.0,240
1390,102317,4K1531,PROFESIONAL 5,93.0,408
1391,102327,4K1531,PROFESIONAL 5,24.67,240
1392,102339,4K1531,PROFESIONAL 5,37.5,240
1393,102345,4K1531,PROFESIONAL 5,41.0,240
1394,102360,4K1531,PROFESIONAL 5,59.0,240
1395,102362,4K1531,PROFESIONAL 5,0.0,240
1396,102387,4K1531,PROFESIONAL 5,42.0,408
1397,102397,4K1531,PROFESIONAL 5,0.0,240
1398,102410,4K1531,PROFESIONAL 5,16.0,240
1399,102411,4K1531,PROFESIONAL 5,6.0,408
1400,100015,4L1041,ASISTENTE,23.0,576
1401,100026,4L1041,ASISTENTE,0.0,240
1402,100028,4L1041,ASISTENTE,24.0,540
1403,100086,4L1041,ASISTENTE,31.0,516
1404,100100,4L1041,ASISTENTE,149.0,540
1405,100107,4L1041,ASISTENTE,84.0,576
1406,100110,4L1041,ASISTENTE,3.0,396
1407,100116,4L1041,ASISTENTE,15.0,576
1408,100128,4L1041,ASISTENTE,0.0,240
1409,100184,4L1041,ASISTENTE,240.0,576
1410,100223,4L1041,ASISTENTE,97.0,540
1411,100271,4L1041,ASISTENTE,215.0,408
1412,100303,4L1041,ASISTENTE,77.0,576
1413,100347,4L1041,ASISTENTE,154.97,240
1414,100356,4L1041,ASISTENTE,40.66,396
1415,100433,4L1041,ASISTENTE,163.0,576
1416,100476,4L1041,ASISTENTE,132.0,576
1417,100526,4L1041,ASISTENTE,54.0,576
1418,100540,4L1041,ASISTENTE,7.66,576
1419,100578,4L1041,ASISTENTE,76.0,576
1420,100607,4L1041,ASISTENTE,131.0,456
1421,100609,4L1041,ASISTENTE,101.0,576
1422,100626,4L1041,ASISTENTE,150.0,540
1423,100635,4L1041,ASISTENTE,0.0,240
1424,100694,4L1041,ASISTENTE,9.0,396
1425,100726,4L1041,ASISTENTE,73.0,576
1426,100728,4L1041,ASISTENTE,68.0,540
1427,100832,4L1041,ASISTENTE,217.0,576
1428,100836,4L1041,ASISTENTE,117.0,504
1429,100845,4L1041,ASISTENTE,0.0,576
1430,100859,4L1041,ASISTENTE,20.0,576
1431,100903,4L1041,ASISTENTE,14.5,456
1432,100905,4L1041,ASISTENTE,0.0,396
1433,100908,4L1041,ASISTENTE,42.0,540
1434,100956,4L1041,ASISTENTE,86.0,504
1435,100999,4L1041,ASISTENTE,4.0,540
1436,101006,4L1041,ASISTENTE,55.0,540
1437,101012,4L1041,ASISTENTE,14.0,576
1438,101061,4L1041,ASISTENTE,64.33,576
1439,101087,4L1041,ASISTENTE,76.0,240
1440,101095,4L1041,ASISTENTE,77.0,456
1441,101098,4L1041,ASISTENTE,69.0,576
1442,101112,4L1041,ASISTENTE,23.0,576
1443,101141,4L1041,ASISTENTE,43.5,516
1444,101156,4L1041,ASISTENTE,21.0,576
1445,101159,4L1041,ASISTENTE,27.33,576
1446,101162,4L1041,ASISTENTE,48.0,576
1447,101163,4L1041,ASISTENTE,148.0,576
1448,101169,4L1041,ASISTENTE,60.0,396
1449,101182,4L1041,ASISTENTE,14.0,240
1450,101223,4L1041,ASISTENTE,69.0,576
1451,101250,4L1041,ASISTENTE,104.5,576
1452,101266,4L1041,ASISTENTE,4.0,240
1453,101268,4L1041,ASISTENTE,3.0,576
1454,101276,4L1041,ASISTENTE,104.65,516
1455,101279,4L1041,ASISTENTE,37.67,576
1456,101283,4L1041,ASISTENTE,84.0,576
1457,101285,4L1041,ASISTENTE,0.0,576
1458,101360,4L1041,ASISTENTE,0.0,576
1459,101380,4L1041,ASISTENTE,27.65,576
1460,101387,4L1041,ASISTENTE,75.0,576
1461,101426,4L1041,ASISTENTE,57.0,576
1462,101447,4L1041,ASISTENTE,8.0,516
1463,101448,4L1041,ASISTENTE,154.5,576
1464,101452,4L1041,ASISTENTE,46.0,576
1465,101473,4L1041,ASISTENTE,8.0,240
1466,101476,4L1041,ASISTENTE,49.0,408
1467,101490,4L1041,ASISTENTE,86.0,516
1468,101509,4L1041,ASISTENTE,891.0,576
1469,101538,4L1041,ASISTENTE,113.0,576
1470,101554,4L1041,ASISTENTE,229.5,528
1471,101563,4L1041,ASISTENTE,23.25,576
1472,101591,4L1041,ASISTENTE,72.0,576
1473,101619,4L1041,ASISTENTE,31.98,576
1474,101649,4L1041,ASISTENTE,34.0,516
1475,101659,4L1041,ASISTENTE,60.0,576
1476,101678,4L1041,ASISTENTE,19.0,540
1477,101689,4L1041,ASISTENTE,71.0,576
1478,101694,4L1041,ASISTENTE,71.0,540
1479,101703,4L1041,ASISTENTE,80.5,576
1480,101710,4L1041,ASISTENTE,8.0,240
1481,101759,4L1041,ASISTENTE,107.5,516
1482,101761,4L1041,ASISTENTE,120.0,576
1483,101808,4L1041,ASISTENTE,38.0,240
1484,101821,4L1041,ASISTENTE,71.0,576
1485,101824,4L1041,ASISTENTE,14.67,528
1486,101825,4L1041,ASISTENTE,0.0,240
1487,101829,4L1041,ASISTENTE,157.5,576
1488,101870,4L1041,ASISTENTE,1872.0,456
1489,101871,4L1041,ASISTENTE,26.0,528
1490,101883,4L1041,ASISTENTE,71.0,576
1491,101895,4L1041,ASISTENTE,48.0,576
1492,101905,4L1041,ASISTENTE,64.5,240
1493,101909,4L1041,ASISTENTE,53.5,576
1494,101946,4L1041,ASISTENTE,4.0,528
1495,101970,4L1041,ASISTENTE,51.0,240
1496,101987,4L1041,ASISTENTE,98.67,576
1497,101991,4L1041,ASISTENTE,312.0,576
1498,101993,4L1041,ASISTENTE,46.0,576
1499,101995,4L1041,ASISTENTE,22.5,240
1500,102035,4L1041,ASISTENTE,119.33,456
1501,102040,4L1041,ASISTENTE,40.0,576
1502,102043,4L1041,ASISTENTE,16.0,540
1503,102047,4L1041,ASISTENTE,138.5,576
1504,102048,4L1041,ASISTENTE,72.0,576
1505,102057,4L1041,ASISTENTE,71.0,576
1506,102060,4L1041,ASISTENTE,32.980000000000004,240
1507,102068,4L1041,ASISTENTE,0.0,396
1508,102071,4L1041,ASISTENTE,20.0,240
1509,102076,4L1041,ASISTENTE,205.0,480
1510,102098,4L1041,ASISTENTE,84.5,240
1511,102101,4L1041,ASISTENTE,76.0,540
1512,102108,4L1041,ASISTENTE,66.0,576
1513,102118,4L1041,ASISTENTE,34.5,480
1514,102135,4L1041,ASISTENTE,91.0,576
1515,102172,4L1041,ASISTENTE,20.5,576
1516,102181,4L1041,ASISTENTE,3.0,396
1517,102184,4L1041,ASISTENTE,55.0,240
1518,102185,4L1041,ASISTENTE,64.0,240
1519,102187,4L1041,ASISTENTE,26.0,240
1520,102302,4L1041,ASISTENTE,20.0,576
1521,100016,5D1271,AUXILIAR 3,42.97,240
1522,100033,5D1271,AUXILIAR 3,91.75,240
1523,100038,5D1271,AUXILIAR 3,0.0,240
1524,100047,5D1271,AUXILIAR 3,62.5,240
1525,100058,5D1271,AUXILIAR 3,60.0,240
1526,100059,5D1271,AUXILIAR 3,23.42,240
1527,100066,5D1271,AUXILIAR 3,44.980000000000004,240
1528,100078,5D1271,AUXILIAR 3,68.5,240
1529,100114,5D1271,AUXILIAR 3,134.98000000000002,240
1530,100143,5D1271,AUXILIAR 3,97.75,240
1531,100148,5D1271,AUXILIAR 3,200.5,240
1532,100190,5D1271,AUXILIAR 3,165.5,240
1533,100197,5D1271,AUXILIAR 3,48.33,240
1534,100205,5D1271,AUXILIAR 3,67.17,240
1535,100239,5D1271,AUXILIAR 3,54.0,240
1536,100272,5D1271,AUXILIAR 3,47.25,240
1537,100280,5D1271,AUXILIAR 3,60.0,240
1538,100294,5D1271,AUXILIAR 3,24.0,240
1539,100297,5D1271,AUXILIAR 3,14.0,240
1540,100299,5D1271,AUXILIAR 3,108.5,240
1541,100309,5D1271,AUXILIAR 3,30.5,240
1542,100338,5D1271,AUXILIAR 3,0.0,240
1543,100365,5D1271,AUXILIAR 3,0.0,240
1544,100402,5D1271,AUXILIAR 3,134.0,240
1545,100431,5D1271,AUXILIAR 3,66.48,240
1546,100434,5D1271,AUXILIAR 3,8.5,240
1547,100440,5D1271,AUXILIAR 3,160.0,240
1548,100451,5D1271,AUXILIAR 3,6.0,240
1549,100490,5D1271,AUXILIAR 3,19.0,240
1550,100495,5D1271,AUXILIAR 3,0.0,240
1551,100502,5D1271,AUXILIAR 3,0.0,240
1552,100514,5D1271,AUXILIAR 3,0.0,240
1553,100544,5D1271,AUXILIAR 3,31.0,240
1554,100561,5D1271,AUXILIAR 3,8.5,240
1555,100563,5D1271,AUXILIAR 3,225.0,240
1556,100577,5D1271,AUXILIAR 3,12.0,240
1557,100593,5D1271,AUXILIAR 3,0.0,240
1558,100631,5D1271,AUXILIAR 3,27.0,240
1559,100633,5D1271,AUXILIAR 3,4.0,240
1560,100712,5D1271,AUXILIAR 3,104.33,240
1561,100716,5D1271,AUXILIAR 3,129.67000000000002,240
1562,100766,5D1271,AUXILIAR 3,27.0,240
1563,100783,5D1271,AUXILIAR 3,0.0,240
1564,100796,5D1271,AUXILIAR 3,23.92,240
1565,100805,5D1271,AUXILIAR 3,24.0,240
1566,100810,5D1271,AUXILIAR 3,0.0,576
1567,100841,5D1271,AUXILIAR 3,20.72,240
1568,100887,5D1271,AUXILIAR 3,82.25,240
1569,100901,5D1271,AUXILIAR 3,120.75,240
1570,100929,5D1271,AUXILIAR 3,70.5,240
1571,100972,5D1271,AUXILIAR 3,196.75,240
1572,101020,5D1271,AUXILIAR 3,0.0,240
1573,101281,5D1271,AUXILIAR 3,71.75,240
1574,101320,5D1271,AUXILIAR 3,127.33,240
1575,101321,5D1271,AUXILIAR 3,8.0,240
1576,101378,5D1271,AUXILIAR 3,48.93,240
1577,101396,5D1271,AUXILIAR 3,108.25,240
1578,101521,5D1271,AUXILIAR 3,80.92,240
1579,101531,5D1271,AUXILIAR 3,46.5,240
1580,101571,5D1271,AUXILIAR 3,138.93,320
1581,101589,5D1271,AUXILIAR 3,80.1,240
1582,101630,5D1271,AUXILIAR 3,40.0,240
1583,101633,5D1271,AUXILIAR 3,147.5,240
1584,101647,5D1271,AUXILIAR 3,204.5,240
1585,101660,5D1271,AUXILIAR 3,133.5,240
1586,101662,5D1271,AUXILIAR 3,128.0,240
1587,101683,5D1271,AUXILIAR 3,107.5,320
1588,101707,5D1271,AUXILIAR 3,18.0,240
1589,101719,5D1271,AUXILIAR 3,117.0,240
1590,101729,5D1271,AUXILIAR 3,139.55,240
1591,101758,5D1271,AUXILIAR 3,10.5,240
1592,101763,5D1271,AUXILIAR 3,165.32999999999998,320
1593,101779,5D1271,AUXILIAR 3,14.83,240
1594,101802,5D1271,AUXILIAR 3,79.5,240
1595,101805,5D1271,AUXILIAR 3,388.0,240
1596,101842,5D1271,AUXILIAR 3,596.5,240
1597,101849,5D1271,AUXILIAR 3,153.92000000000002,240
1598,101862,5D1271,AUXILIAR 3,113.17,240
1599,101904,5D1271,AUXILIAR 3,0.0,240
1600,101956,5D1271,AUXILIAR 3,151.5,240
1601,101972,5D1271,AUXILIAR 3,110.26,240
1602,101975,5D1271,AUXILIAR 3,81.5,240
1603,102020,5D1271,AUXILIAR 3,49.5,240
1604,102022,5D1271,AUXILIAR 3,57.84,320
1605,102026,5D1271,AUXILIAR 3,52.0,320
1606,102059,5D1271,AUXILIAR 3,53.0,240
1607,102062,5D1271,AUXILIAR 3,342.5,240
1608,102074,5D1271,AUXILIAR 3,93.17,240
1609,102120,5D1271,AUXILIAR 3,127.5,240
1610,102189,5D1271,AUXILIAR 3,8.0,240
1611,102225,5D1271,AUXILIAR 3,68.0,240
1612,102257,5D1271,AUXILIAR 3,12.0,240
1613,102267,5D1271,AUXILIAR 3,34.25,240
1614,102293,5D1271,AUXILIAR 3,21.0,320
1615,102311,5D1271,AUXILIAR 3,33.0,240
1616,102313,5D1271,AUXILIAR 3,324.0,240
1617,102324,5D1271,AUXILIAR 3,80.0,240
1618,102381,5D1271,AUXILIAR 3,46.75,320
1619,102422,5D1271,AUXILIAR 3,9.0,240
1620,102428,5D1271,AUXILIAR 3,35.0,320
1621,100017,4K1561,PROFESIONAL 3,48.5,480
1622,100019,4K1561,PROFESIONAL 3,41.33,468
1623,100037,4K1561,PROFESIONAL 3,0.0,468
1624,100043,4K1561,PROFESIONAL 3,92.33,480
1625,100052,4K1561,PROFESIONAL 3,0.0,576
1626,100088,4K1561,PROFESIONAL 3,81.0,480
1627,100090,4K1561,PROFESIONAL 3,22.0,396
1628,100099,4K1561,PROFESIONAL 3,18.98,396
1629,100102,4K1561,PROFESIONAL 3,0.0,240
1630,100121,4K1561,PROFESIONAL 3,74.5,480
1631,100154,4K1561,PROFESIONAL 3,23.34,240
1632,100182,4K1561,PROFESIONAL 3,21.0,396
1633,100213,4K1561,PROFESIONAL 3,64.33,516
1634,100216,4K1561,PROFESIONAL 3,82.98,240
1635,100253,4K1561,PROFESIONAL 3,0.0,468
1636,100254,4K1561,PROFESIONAL 3,100.0,528
1637,100267,4K1561,PROFESIONAL 3,9.0,396
1638,100268,4K1561,PROFESIONAL 3,5.0,468
1639,100304,4K1561,PROFESIONAL 3,169.0,516
1640,100306,4K1561,PROFESIONAL 3,52.0,516
1641,100312,4K1561,PROFESIONAL 3,176.0,468
1642,100313,4K1561,PROFESIONAL 3,28.0,576
1643,100344,4K1561,PROFESIONAL 3,53.34,456
1644,100345,4K1561,PROFESIONAL 3,109.0,240
1645,100349,4K1561,PROFESIONAL 3,6.0,396
1646,100357,4K1561,PROFESIONAL 3,125.34,468
1647,100359,4K1561,PROFESIONAL 3,11.0,408
1648,100376,4K1561,PROFESIONAL 3,124.67,240
1649,100386,4K1561,PROFESIONAL 3,696.0,468
1650,100392,4K1561,PROFESIONAL 3,22.0,480
1651,100397,4K1561,PROFESIONAL 3,22.0,396
1652,100521,4K1561,PROFESIONAL 3,17.0,240
1653,100537,4K1561,PROFESIONAL 3,8.0,468
1654,100581,4K1561,PROFESIONAL 3,0.0,240
1655,100595,4K1561,PROFESIONAL 3,0.0,240
1656,100610,4K1561,PROFESIONAL 3,21.33,468
1657,100620,4K1561,PROFESIONAL 3,12.0,396
1658,100629,4K1561,PROFESIONAL 3,0.0,528
1659,100651,4K1561,PROFESIONAL 3,194.5,576
1660,100702,4K1561,PROFESIONAL 3,85.0,408
1661,100719,4K1561,PROFESIONAL 3,14.33,504
1662,100721,4K1561,PROFESIONAL 3,169.15,240
1663,100723,4K1561,PROFESIONAL 3,14.0,408
1664,100729,4K1561,PROFESIONAL 3,55.989999999999995,456
1665,100734,4K1561,PROFESIONAL 3,11.0,396
1666,100744,4K1561,PROFESIONAL 3,0.0,468
1667,100749,4K1561,PROFESIONAL 3,130.0,468
1668,100754,4K1561,PROFESIONAL 3,3.0,396
1669,100776,4K1561,PROFESIONAL 3,45.34,468
1670,100793,4K1561,PROFESIONAL 3,34.33,480
1671,100800,4K1561,PROFESIONAL 3,119.0,516
1672,100808,4K1561,PROFESIONAL 3,7.5,240
1673,100833,4K1561,PROFESIONAL 3,7.0,468
1674,100834,4K1561,PROFESIONAL 3,0.0,456
1675,100835,4K1561,PROFESIONAL 3,14.0,576
1676,100842,4K1561,PROFESIONAL 3,0.0,240
1677,100848,4K1561,PROFESIONAL 3,59.980000000000004,240
1678,100855,4K1561,PROFESIONAL 3,86.0,480
1679,100885,4K1561,PROFESIONAL 3,40.0,240
1680,100928,4K1561,PROFESIONAL 3,47.0,396
1681,100934,4K1561,PROFESIONAL 3,62.0,516
1682,100950,4K1561,PROFESIONAL 3,0.0,396
1683,100957,4K1561,PROFESIONAL 3,22.0,456
1684,100976,4K1561,PROFESIONAL 3,27.990000000000002,396
1685,100979,4K1561,PROFESIONAL 3,95.67,576
1686,100987,4K1561,PROFESIONAL 3,0.0,468
1687,100993,4K1561,PROFESIONAL 3,9.0,396
1688,100994,4K1561,PROFESIONAL 3,7.0,468
1689,100995,4K1561,PROFESIONAL 3,31.0,240
1690,101000,4K1561,PROFESIONAL 3,0.0,468
1691,101001,4K1561,PROFESIONAL 3,16.0,516
1692,101008,4K1561,PROFESIONAL 3,19.0,396
1693,101009,4K1561,PROFESIONAL 3,20.0,240
1694,101013,4K1561,PROFESIONAL 3,62.0,396
1695,101014,4K1561,PROFESIONAL 3,0.0,468
1696,101015,4K1561,PROFESIONAL 3,48.0,396
1697,101017,4K1561,PROFESIONAL 3,0.0,240
1698,101018,4K1561,PROFESIONAL 3,39.0,396
1699,101026,4K1561,PROFESIONAL 3,9.0,528
1700,101030,4K1561,PROFESIONAL 3,20.0,240
1701,101032,4K1561,PROFESIONAL 3,61.33,396
1702,101034,4K1561,PROFESIONAL 3,0.0,396
1703,101035,4K1561,PROFESIONAL 3,9.0,396
1704,101036,4K1561,PROFESIONAL 3,6.0,396
1705,101037,4K1561,PROFESIONAL 3,0.0,576
1706,101038,4K1561,PROFESIONAL 3,22.05,516
1707,101039,4K1561,PROFESIONAL 3,60.0,576
1708,101043,4K1561,PROFESIONAL 3,2880.0,396
1709,101045,4K1561,PROFESIONAL 3,39.0,396
1710,101046,4K1561,PROFESIONAL 3,9.0,576
1711,101051,4K1561,PROFESIONAL 3,27.01,576
1712,101052,4K1561,PROFESIONAL 3,52.5,540
1713,101053,4K1561,PROFESIONAL 3,28.0,396
1714,101055,4K1561,PROFESIONAL 3,60.0,396
1715,101056,4K1561,PROFESIONAL 3,17.33,396
1716,101057,4K1561,PROFESIONAL 3,51.5,240
1717,101058,4K1561,PROFESIONAL 3,59.0,240
1718,101062,4K1561,PROFESIONAL 3,129.0,516
1719,101079,4K1561,PROFESIONAL 3,38.0,516
1720,101086,4K1561,PROFESIONAL 3,0.0,516
1721,101089,4K1561,PROFESIONAL 3,112.33,360
1722,101090,4K1561,PROFESIONAL 3,44.33,540
1723,101091,4K1561,PROFESIONAL 3,39.0,516
1724,101103,4K1561,PROFESIONAL 3,72.0,240
1725,101104,4K1561,PROFESIONAL 3,3.0,396
1726,101111,4K1561,PROFESIONAL 3,212.0,576
1727,101135,4K1561,PROFESIONAL 3,126.0,396
1728,101136,4K1561,PROFESIONAL 3,3.5,468
1729,101139,4K1561,PROFESIONAL 3,38.83,468
1730,101143,4K1561,PROFESIONAL 3,81.33,396
1731,101145,4K1561,PROFESIONAL 3,204.0,456
1732,101149,4K1561,PROFESIONAL 3,100.67,528
1733,101164,4K1561,PROFESIONAL 3,0.0,240
1734,101177,4K1561,PROFESIONAL 3,50.84,576
1735,101178,4K1561,PROFESIONAL 3,16.0,528
1736,101179,4K1561,PROFESIONAL 3,62.150000000000006,240
1737,101186,4K1561,PROFESIONAL 3,0.0,456
1738,101188,4K1561,PROFESIONAL 3,84.5,432
1739,101197,4K1561,PROFESIONAL 3,0.0,396
1740,101202,4K1561,PROFESIONAL 3,61.0,528
1741,101203,4K1561,PROFESIONAL 3,48.0,456
1742,101207,4K1561,PROFESIONAL 3,36.67,576
1743,101211,4K1561,PROFESIONAL 3,7.17,456
1744,101261,4K1561,PROFESIONAL 3,220.67000000000002,456
1745,101272,4K1561,PROFESIONAL 3,248.32999999999998,576
1746,101292,4K1561,PROFESIONAL 3,154.82999999999998,468
1747,101293,4K1561,PROFESIONAL 3,80.17,540
1748,101307,4K1561,PROFESIONAL 3,27.33,456
1749,101308,4K1561,PROFESIONAL 3,53.0,564
1750,101309,4K1561,PROFESIONAL 3,120.0,576
1751,101311,4K1561,PROFESIONAL 3,14.0,576
1752,101312,4K1561,PROFESIONAL 3,91.0,576
1753,101314,4K1561,PROFESIONAL 3,0.0,468
1754,101324,4K1561,PROFESIONAL 3,3.0,408
1755,101325,4K1561,PROFESIONAL 3,21.0,576
1756,101326,4K1561,PROFESIONAL 3,73.0,396
1757,101328,4K1561,PROFESIONAL 3,62.0,456
1758,101330,4K1561,PROFESIONAL 3,0.0,396
1759,101335,4K1561,PROFESIONAL 3,2.0,516
1760,101347,4K1561,PROFESIONAL 3,47.0,468
1761,101350,4K1561,PROFESIONAL 3,44.0,396
1762,101351,4K1561,PROFESIONAL 3,68.66,456
1763,101355,4K1561,PROFESIONAL 3,0.0,468
1764,101357,4K1561,PROFESIONAL 3,42.31999999999999,240
1765,101373,4K1561,PROFESIONAL 3,155.0,576
1766,101374,4K1561,PROFESIONAL 3,48.0,516
1767,101377,4K1561,PROFESIONAL 3,135.0,396
1768,101379,4K1561,PROFESIONAL 3,34.0,456
1769,101394,4K1561,PROFESIONAL 3,58.0,480
1770,101406,4K1561,PROFESIONAL 3,74.0,516
1771,101411,4K1561,PROFESIONAL 3,17.0,576
1772,101417,4K1561,PROFESIONAL 3,80.0,528
1773,101419,4K1561,PROFESIONAL 3,94.33,456
1774,101421,4K1561,PROFESIONAL 3,87.99,420
1775,101428,4K1561,PROFESIONAL 3,85.33,576
1776,101429,4K1561,PROFESIONAL 3,130.32999999999998,516
1777,101432,4K1561,PROFESIONAL 3,88.0,576
1778,101437,4K1561,PROFESIONAL 3,46.67,576
1779,101441,4K1561,PROFESIONAL 3,310.0,396
1780,101442,4K1561,PROFESIONAL 3,6.0,396
1781,101451,4K1561,PROFESIONAL 3,42.0,516
1782,101453,4K1561,PROFESIONAL 3,17.66,552
1783,101462,4K1561,PROFESIONAL 3,115.0,408
1784,101466,4K1561,PROFESIONAL 3,6.0,576
1785,101468,4K1561,PROFESIONAL 3,34.68,480
1786,101494,4K1561,PROFESIONAL 3,16.0,516
1787,101511,4K1561,PROFESIONAL 3,67.33,444
1788,101514,4K1561,PROFESIONAL 3,79.0,528
1789,101520,4K1561,PROFESIONAL 3,22.0,576
1790,101523,4K1561,PROFESIONAL 3,99.0,396
1791,101525,4K1561,PROFESIONAL 3,8.0,576
1792,101526,4K1561,PROFESIONAL 3,158.32999999999998,576
1793,101533,4K1561,PROFESIONAL 3,92.66,576
1794,101534,4K1561,PROFESIONAL 3,103.0,408
1795,101536,4K1561,PROFESIONAL 3,56.0,480
1796,101547,4K1561,PROFESIONAL 3,141.0,516
1797,101573,4K1561,PROFESIONAL 3,96.0,576
1798,101576,4K1561,PROFESIONAL 3,112.67,408
1799,101580,4K1561,PROFESIONAL 3,157.0,396
1800,101584,4K1561,PROFESIONAL 3,448.67,384
1801,101588,4K1561,PROFESIONAL 3,81.0,516
1802,101603,4K1561,PROFESIONAL 3,28.0,420
1803,101610,4K1561,PROFESIONAL 3,119.66,576
1804,101612,4K1561,PROFESIONAL 3,14.68,504
1805,101615,4K1561,PROFESIONAL 3,9.0,396
1806,101622,4K1561,PROFESIONAL 3,117.34,504
1807,101623,4K1561,PROFESIONAL 3,137.01,576
1808,101646,4K1561,PROFESIONAL 3,287.5,420
1809,101655,4K1561,PROFESIONAL 3,349.0,456
1810,101665,4K1561,PROFESIONAL 3,115.0,516
1811,101682,4K1561,PROFESIONAL 3,50.33,528
1812,101687,4K1561,PROFESIONAL 3,71.0,456
1813,101700,4K1561,PROFESIONAL 3,52.34,576
1814,101702,4K1561,PROFESIONAL 3,254.0,576
1815,101705,4K1561,PROFESIONAL 3,95.5,468
1816,101721,4K1561,PROFESIONAL 3,8.0,516
1817,101722,4K1561,PROFESIONAL 3,56.5,504
1818,101726,4K1561,PROFESIONAL 3,43.34,396
1819,101749,4K1561,PROFESIONAL 3,157.0,576
1820,101753,4K1561,PROFESIONAL 3,91.0,576
1821,101764,4K1561,PROFESIONAL 3,32.0,516
1822,101767,4K1561,PROFESIONAL 3,21.17,468
1823,101775,4K1561,PROFESIONAL 3,47.34,576
1824,101783,4K1561,PROFESIONAL 3,113.97999999999999,444
1825,101793,4K1561,PROFESIONAL 3,119.34,540
1826,101809,4K1561,PROFESIONAL 3,97.5,480
1827,101817,4K1561,PROFESIONAL 3,32.67,576
1828,101818,4K1561,PROFESIONAL 3,25.5,240
1829,101856,4K1561,PROFESIONAL 3,88.67,480
1830,101863,4K1561,PROFESIONAL 3,88.0,396
1831,101865,4K1561,PROFESIONAL 3,32.33,516
1832,101866,4K1561,PROFESIONAL 3,71.0,468
1833,101868,4K1561,PROFESIONAL 3,47.0,516
1834,101878,4K1561,PROFESIONAL 3,1036.0,576
1835,101882,4K1561,PROFESIONAL 3,49.0,396
1836,101889,4K1561,PROFESIONAL 3,184.67000000000002,516
1837,101892,4K1561,PROFESIONAL 3,100.0,528
1838,101899,4K1561,PROFESIONAL 3,36.0,576
1839,101928,4K1561,PROFESIONAL 3,64.66,576
1840,101940,4K1561,PROFESIONAL 3,75.0,516
1841,101947,4K1561,PROFESIONAL 3,1848.0,396
1842,101952,4K1561,PROFESIONAL 3,104.0,552
1843,101961,4K1561,PROFESIONAL 3,176.67000000000002,492
1844,101980,4K1561,PROFESIONAL 3,41.0,396
1845,101984,4K1561,PROFESIONAL 3,136.0,432
1846,101985,4K1561,PROFESIONAL 3,45.0,240
1847,101988,4K1561,PROFESIONAL 3,41.0,576
1848,102003,4K1561,PROFESIONAL 3,128.0,540
1849,102006,4K1561,PROFESIONAL 3,110.33,240
1850,102017,4K1561,PROFESIONAL 3,182.34,516
1851,102018,4K1561,PROFESIONAL 3,84.66,396
1852,102019,4K1561,PROFESIONAL 3,170.5,576
1853,102027,4K1561,PROFESIONAL 3,29.990000000000002,456
1854,102046,4K1561,PROFESIONAL 3,4.0,468
1855,102052,4K1561,PROFESIONAL 3,158.32999999999998,528
1856,102066,4K1561,PROFESIONAL 3,60.0,516
1857,102081,4K1561,PROFESIONAL 3,42.83,480
1858,102094,4K1561,PROFESIONAL 3,81.0,420
1859,102095,4K1561,PROFESIONAL 3,32.0,516
1860,102107,4K1561,PROFESIONAL 3,59.33,576
1861,102148,4K1561,PROFESIONAL 3,0.0,468
1862,102149,4K1561,PROFESIONAL 3,47.019999999999996,240
1863,102151,4K1561,PROFESIONAL 3,114.0,396
1864,102153,4K1561,PROFESIONAL 3,31.32,480
1865,102154,4K1561,PROFESIONAL 3,71.34,456
1866,102157,4K1561,PROFESIONAL 3,24.0,240
1867,102160,4K1561,PROFESIONAL 3,26.0,396
1868,102163,4K1561,PROFESIONAL 3,66.0,576
1869,102164,4K1561,PROFESIONAL 3,80.0,240
1870,102178,4K1561,PROFESIONAL 3,58.0,576
1871,102179,4K1561,PROFESIONAL 3,46.0,396
1872,102180,4K1561,PROFESIONAL 3,56.0,396
1873,102193,4K1561,PROFESIONAL 3,20.0,576
1874,102194,4K1561,PROFESIONAL 3,30.68,240
1875,102195,4K1561,PROFESIONAL 3,0.0,468
1876,102196,4K1561,PROFESIONAL 3,87.5,576
1877,102197,4K1561,PROFESIONAL 3,66.0,396
1878,102198,4K1561,PROFESIONAL 3,88.64999999999999,396
1879,102199,4K1561,PROFESIONAL 3,0.0,468
1880,102200,4K1561,PROFESIONAL 3,122.0,528
1881,102202,4K1561,PROFESIONAL 3,9.0,456
1882,102205,4K1561,PROFESIONAL 3,19.5,468
1883,102209,4K1561,PROFESIONAL 3,53.0,576
1884,102211,4K1561,PROFESIONAL 3,14.0,468
1885,102212,4K1561,PROFESIONAL 3,32.66,456
1886,102214,4K1561,PROFESIONAL 3,20.0,396
1887,102215,4K1561,PROFESIONAL 3,39.0,456
1888,102217,4K1561,PROFESIONAL 3,0.0,396
1889,102218,4K1561,PROFESIONAL 3,0.0,468
1890,102219,4K1561,PROFESIONAL 3,65.0,540
1891,102221,4K1561,PROFESIONAL 3,32.0,480
1892,102222,4K1561,PROFESIONAL 3,16.67,408
1893,102223,4K1561,PROFESIONAL 3,25.33,480
1894,102224,4K1561,PROFESIONAL 3,33.0,516
1895,102226,4K1561,PROFESIONAL 3,12.83,456
1896,102227,4K1561,PROFESIONAL 3,44.0,396
1897,102230,4K1561,PROFESIONAL 3,39.0,456
1898,102233,4K1561,PROFESIONAL 3,40.0,576
1899,102235,4K1561,PROFESIONAL 3,24.0,408
1900,102236,4K1561,PROFESIONAL 3,64.0,576
1901,102237,4K1561,PROFESIONAL 3,0.0,456
1902,102238,4K1561,PROFESIONAL 3,91.68,576
1903,102239,4K1561,PROFESIONAL 3,10.34,420
1904,102241,4K1561,PROFESIONAL 3,21.340000000000003,456
1905,102242,4K1561,PROFESIONAL 3,21.0,396
1906,102244,4K1561,PROFESIONAL 3,65.0,396
1907,102247,4K1561,PROFESIONAL 3,39.0,480
1908,102248,4K1561,PROFESIONAL 3,10.0,576
1909,102249,4K1561,PROFESIONAL 3,12.0,360
1910,102250,4K1561,PROFESIONAL 3,24.0,576
1911,102254,4K1561,PROFESIONAL 3,32.64,396
1912,102256,4K1561,PROFESIONAL 3,78.0,396
1913,102258,4K1561,PROFESIONAL 3,8.0,396
1914,102260,4K1561,PROFESIONAL 3,0.0,396
1915,102263,4K1561,PROFESIONAL 3,38.0,396
1916,102265,4K1561,PROFESIONAL 3,29.0,240
1917,102268,4K1561,PROFESIONAL 3,22.0,576
1918,102270,4K1561,PROFESIONAL 3,6.0,396
1919,102271,4K1561,PROFESIONAL 3,30.0,396
1920,102274,4K1561,PROFESIONAL 3,33.0,396
1921,102277,4K1561,PROFESIONAL 3,24.33,456
1922,102279,4K1561,PROFESIONAL 3,40.0,576
1923,102281,4K1561,PROFESIONAL 3,198.5,480
1924,102285,4K1561,PROFESIONAL 3,19.5,456
1925,102288,4K1561,PROFESIONAL 3,134.64,240
1926,102289,4K1561,PROFESIONAL 3,80.5,456
1927,102292,4K1561,PROFESIONAL 3,18.0,408
1928,102294,4K1561,PROFESIONAL 3,113.0,576
1929,102296,4K1561,PROFESIONAL 3,3.0,396
1930,102299,4K1561,PROFESIONAL 3,14.01,576
1931,102301,4K1561,PROFESIONAL 3,16.0,396
1932,102303,4K1561,PROFESIONAL 3,94.2,240
1933,102305,4K1561,PROFESIONAL 3,120.0,240
1934,102308,4K1561,PROFESIONAL 3,12.66,468
1935,102309,4K1561,PROFESIONAL 3,164.67,468
1936,102312,4K1561,PROFESIONAL 3,54.0,396
1937,102314,4K1561,PROFESIONAL 3,44.33,396
1938,102315,4K1561,PROFESIONAL 3,58.980000000000004,396
1939,102316,4K1561,PROFESIONAL 3,46.0,396
1940,102319,4K1561,PROFESIONAL 3,39.0,576
1941,102334,4K1561,PROFESIONAL 3,535.0,396
1942,102336,4K1561,PROFESIONAL 3,98.0,456
1943,102340,4K1561,PROFESIONAL 3,47.83,576
1944,102341,4K1561,PROFESIONAL 3,6.0,408
1945,102343,4K1561,PROFESIONAL 3,10.0,576
1946,102346,4K1561,PROFESIONAL 3,42.67,240
1947,102347,4K1561,PROFESIONAL 3,290.0,396
1948,102350,4K1561,PROFESIONAL 3,92.0,516
1949,102351,4K1561,PROFESIONAL 3,144.0,240
1950,102353,4K1561,PROFESIONAL 3,15.0,396
1951,102354,4K1561,PROFESIONAL 3,0.0,468
1952,102364,4K1561,PROFESIONAL 3,6.0,396
1953,102366,4K1561,PROFESIONAL 3,49.33,456
1954,102367,4K1561,PROFESIONAL 3,83.33,576
1955,102368,4K1561,PROFESIONAL 3,0.0,456
1956,102372,4K1561,PROFESIONAL 3,11.0,480
1957,102373,4K1561,PROFESIONAL 3,0.0,396
1958,102375,4K1561,PROFESIONAL 3,56.0,408
1959,102386,4K1561,PROFESIONAL 3,0.0,456
1960,102398,4K1561,PROFESIONAL 3,60.0,396
1961,102402,4K1561,PROFESIONAL 3,119.0,396
1962,102406,4K1561,PROFESIONAL 3,87.0,432
1963,102407,4K1561,PROFESIONAL 3,30.67,396
1964,102409,4K1561,PROFESIONAL 3,23.0,396
1965,102412,4K1561,PROFESIONAL 3,12.67,456
1966,102413,4K1561,PROFESIONAL 3,80.0,516
1967,102414,4K1561,PROFESIONAL 3,20.0,240
1968,102416,4K1561,PROFESIONAL 3,40.0,396
1969,102423,4K1561,PROFESIONAL 3,30.0,576
1970,102424,4K1561,PROFESIONAL 3,43.67,420
1971,102427,4K1561,PROFESIONAL 3,320.5,456
1972,102431,4K1561,PROFESIONAL 3,49.66,396
1973,102432,4K1561,PROFESIONAL 3,128.0,396
1974,102434,4K1561,PROFESIONAL 3,24.0,396
1975,102435,4K1561,PROFESIONAL 3,78.5,456
1976,102437,4K1561,PROFESIONAL 3,220.17000000000002,240
1977,102438,4K1561,PROFESIONAL 3,0.0,468
1978,102444,4K1561,PROFESIONAL 3,14.0,480
1979,102445,4K1561,PROFESIONAL 3,0.0,468
1980,102450,4K1561,PROFESIONAL 3,138.0,396
1981,102451,4K1561,PROFESIONAL 3,58.0,576
1982,100025,5A1013,ASESOR COMERCIAL 1,347.0,640
1983,100108,5A1013,ASESOR COMERCIAL 1,117.0,640
1984,100144,5A1013,ASESOR COMERCIAL 1,66.0,640
1985,100222,5A1013,ASESOR COMERCIAL 1,18.0,640
1986,100491,5A1013,ASESOR COMERCIAL 1,0.0,640
1987,100760,5A1013,ASESOR COMERCIAL 1,74.0,640
1988,101346,5A1013,ASESOR COMERCIAL 1,26.0,640
1989,101621,5A1013,ASESOR COMERCIAL 1,55.8,640
1990,101942,5A1013,ASESOR COMERCIAL 1,27.0,640
1991,101999,5A1013,ASESOR COMERCIAL 1,9.0,640
1992,102124,5A1013,ASESOR COMERCIAL 1,0.0,640
1993,100030,5D1276,AUXILIAR 3,24.0,240
1994,100048,5D1276,AUXILIAR 3,72.0,240
1995,100083,5D1276,AUXILIAR 3,68.25,240
1996,100136,5D1276,AUXILIAR 3,12.0,320
1997,100298,5D1276,AUXILIAR 3,17.5,240
1998,100310,5D1276,AUXILIAR 3,98.25,240
1999,100320,5D1276,AUXILIAR 3,211.75,240
2000,100339,5D1276,AUXILIAR 3,133.0,240
2001,100342,5D1276,AUXILIAR 3,391.76,320
2002,100403,5D1276,AUXILIAR 3,95.5,240
2003,100427,5D1276,AUXILIAR 3,32.5,240
2004,100430,5D1276,AUXILIAR 3,27.5,240
2005,100435,5D1276,AUXILIAR 3,43.5,240
2006,100461,5D1276,AUXILIAR 3,83.25,320
2007,100484,5D1276,AUXILIAR 3,252.0,320
2008,100516,5D1276,AUXILIAR 3,224.5,240
2009,100565,5D1276,AUXILIAR 3,321.0,240
2010,100596,5D1276,AUXILIAR 3,69.75,320
2011,100614,5D1276,AUXILIAR 3,150.0,240
2012,100615,5D1276,AUXILIAR 3,125.75,240
2013,100693,5D1276,AUXILIAR 3,54.0,320
2014,100725,5D1276,AUXILIAR 3,66.0,240
2015,100884,5D1276,AUXILIAR 3,47.0,240
2016,101041,5D1276,AUXILIAR 3,0.0,240
2017,101126,5D1276,AUXILIAR 3,110.52,240
2018,101288,5D1276,AUXILIAR 3,102.25,240
2019,101317,5D1276,AUXILIAR 3,51.0,320
2020,101431,5D1276,AUXILIAR 3,74.0,320
2021,101502,5D1276,AUXILIAR 3,97.75,240
2022,101518,5D1276,AUXILIAR 3,51.75,240
2023,101562,5D1276,AUXILIAR 3,220.5,240
2024,101570,5D1276,AUXILIAR 3,170.76,240
2025,101667,5D1276,AUXILIAR 3,56.75,240
2026,101743,5D1276,AUXILIAR 3,66.4,240
2027,101744,5D1276,AUXILIAR 3,112.75,240
2028,102021,5D1276,AUXILIAR 3,152.57999999999998,240
2029,102073,5D1276,AUXILIAR 3,30.75,240
2030,102110,5D1276,AUXILIAR 3,117.5,240
2031,102130,5D1276,AUXILIAR 3,67.25,240
2032,102298,5D1276,AUXILIAR 3,241.57,240
2033,102337,5D1276,AUXILIAR 3,0.0,240
2034,102378,5D1276,AUXILIAR 3,68.0,240
2035,100053,4L1891,TECNICO 2,86.5,240
2036,100055,4L1891,TECNICO 2,54.5,240
2037,100089,4L1891,TECNICO 2,82.0,320
2038,100129,4L1891,TECNICO 2,0.0,240
2039,100158,4L1891,TECNICO 2,0.0,240
2040,100172,4L1891,TECNICO 2,40.0,240
2041,100185,4L1891,TECNICO 2,25.0,320
2042,100201,4L1891,TECNICO 2,0.0,240
2043,100225,4L1891,TECNICO 2,0.0,240
2044,100293,4L1891,TECNICO 2,21.0,320
2045,100319,4L1891,TECNICO 2,168.0,240
2046,100381,4L1891,TECNICO 2,36.0,240
2047,100385,4L1891,TECNICO 2,0.0,240
2048,100471,4L1891,TECNICO 2,28.5,240
2049,100515,4L1891,TECNICO 2,0.0,240
2050,100530,4L1891,TECNICO 2,0.0,320
2051,100535,4L1891,TECNICO 2,49.5,240
2052,100580,4L1891,TECNICO 2,32.5,320
2053,100590,4L1891,TECNICO 2,0.0,240
2054,100594,4L1891,TECNICO 2,0.0,240
2055,100644,4L1891,TECNICO 2,0.0,320
2056,100654,4L1891,TECNICO 2,8.0,320
2057,100678,4L1891,TECNICO 2,0.0,320
2058,100741,4L1891,TECNICO 2,172.0,320
2059,100747,4L1891,TECNICO 2,601.5,320
2060,100753,4L1891,TECNICO 2,20.0,320
2061,100857,4L1891,TECNICO 2,0.0,320
2062,100865,4L1891,TECNICO 2,8.0,320
2063,100984,4L1891,TECNICO 2,43.0,240
2064,101019,4L1891,TECNICO 2,29.5,240
2065,101044,4L1891,TECNICO 2,25.5,240
2066,101048,4L1891,TECNICO 2,4.0,240
2067,101050,4L1891,TECNICO 2,2.0,144
2068,101059,4L1891,TECNICO 2,0.0,320
2069,101060,4L1891,TECNICO 2,400.0,240
2070,101066,4L1891,TECNICO 2,61.5,240
2071,101146,4L1891,TECNICO 2,24.0,240
2072,101151,4L1891,TECNICO 2,32.5,240
2073,101155,4L1891,TECNICO 2,1128.0,240
2074,101157,4L1891,TECNICO 2,21.5,240
2075,101194,4L1891,TECNICO 2,80.0,240
2076,101289,4L1891,TECNICO 2,0.0,240
2077,101386,4L1891,TECNICO 2,0.0,240
2078,101393,4L1891,TECNICO 2,58.25,240
2079,101444,4L1891,TECNICO 2,16.0,320
2080,101446,4L1891,TECNICO 2,8.0,240
2081,101465,4L1891,TECNICO 2,0.0,320
2082,101479,4L1891,TECNICO 2,712.0,240
2083,101498,4L1891,TECNICO 2,154.0,240
2084,101503,4L1891,TECNICO 2,203.5,240
2085,101505,4L1891,TECNICO 2,48.0,240
2086,101527,4L1891,TECNICO 2,32.5,240
2087,101548,4L1891,TECNICO 2,23.5,240
2088,101551,4L1891,TECNICO 2,20.0,240
2089,101585,4L1891,TECNICO 2,141.5,320
2090,101592,4L1891,TECNICO 2,173.5,240
2091,101600,4L1891,TECNICO 2,27.0,240
2092,101669,4L1891,TECNICO 2,7.0,240
2093,101696,4L1891,TECNICO 2,117.25,240
2094,101790,4L1891,TECNICO 2,0.0,240
2095,101796,4L1891,TECNICO 2,12.0,320
2096,101859,4L1891,TECNICO 2,11.5,320
2097,101874,4L1891,TECNICO 2,103.5,240
2098,101884,4L1891,TECNICO 2,56.0,240
2099,101918,4L1891,TECNICO 2,52.5,240
2100,101949,4L1891,TECNICO 2,44.0,240
2101,101976,4L1891,TECNICO 2,45.5,240
2102,102075,4L1891,TECNICO 2,8.0,240
2103,102079,4L1891,TECNICO 2,85.0,240
2104,102128,4L1891,TECNICO 2,154.5,240
2105,102147,4L1891,TECNICO 2,26.0,320
2106,102152,4L1891,TECNICO 2,0.0,240
2107,102162,4L1891,TECNICO 2,261.0,240
2108,102231,4L1891,TECNICO 2,24.0,320
2109,102232,4L1891,TECNICO 2,54.5,240
2110,102240,4L1891,TECNICO 2,16.0,240
2111,102245,4L1891,TECNICO 2,0.0,240
2112,102252,4L1891,TECNICO 2,0.0,240
2113,102253,4L1891,TECNICO 2,0.0,240
2114,102261,4L1891,TECNICO 2,0.0,240
2115,102264,4L1891,TECNICO 2,61.0,240
2116,102272,4L1891,TECNICO 2,4.0,240
2117,102275,4L1891,TECNICO 2,79.0,320
2118,102287,4L1891,TECNICO 2,8.0,240
2119,102291,4L1891,TECNICO 2,320.0,240
2120,102295,4L1891,TECNICO 2,38.0,240
2121,102300,4L1891,TECNICO 2,8.0,240
2122,102304,4L1891,TECNICO 2,16.0,240
2123,102306,4L1891,TECNICO 2,76.5,320
2124,102310,4L1891,TECNICO 2,0.0,240
2125,102321,4L1891,TECNICO 2,24.0,240
2126,102325,4L1891,TECNICO 2,178.0,240
2127,102329,4L1891,TECNICO 2,67.0,240
2128,102331,4L1891,TECNICO 2,56.0,240
2129,102344,4L1891,TECNICO 2,26.0,240
2130,102349,4L1891,TECNICO 2,16.0,240
2131,102355,4L1891,TECNICO 2,8.0,320
2132,102358,4L1891,TECNICO 2,69.0,240
2133,102359,4L1891,TECNICO 2,11.5,240
2134,102363,4L1891,TECNICO 2,0.0,240
2135,102369,4L1891,TECNICO 2,126.0,240
2136,102374,4L1891,TECNICO 2,28.0,240
2137,102379,4L1891,TECNICO 2,462.0,240
2138,102380,4L1891,TECNICO 2,0.0,240
2139,102383,4L1891,TECNICO 2,0.0,320
2140,102389,4L1891,TECNICO 2,7.5,240
2141,102392,4L1891,TECNICO 2,70.5,320
2142,102394,4L1891,TECNICO 2,100.0,240
2143,102399,4L1891,TECNICO 2,0.0,320
2144,102400,4L1891,TECNICO 2,323.5,240
2145,102401,4L1891,TECNICO 2,26.5,240
2146,102403,4L1891,TECNICO 2,502.0,320
2147,102417,4L1891,TECNICO 2,0.0,320
2148,102418,4L1891,TECNICO 2,27.0,320
2149,102419,4L1891,TECNICO 2,711.0,240
2150,102425,4L1891,TECNICO 2,8.0,240
2151,102433,4L1891,TECNICO 2,11.0,240
2152,100067,5D1278,AUXILIAR 3,113.98,240
2153,100168,5D1278,AUXILIAR 3,74.0,240
2154,100416,5D1278,AUXILIAR 3,8.0,240
2155,100452,5D1278,AUXILIAR 3,19.0,240
2156,100456,5D1278,AUXILIAR 3,19.0,240
2157,100501,5D1278,AUXILIAR 3,72.25,240
2158,100552,5D1278,AUXILIAR 3,30.0,240
2159,100557,5D1278,AUXILIAR 3,26.0,240
2160,100763,5D1278,AUXILIAR 3,96.0,240
2161,100801,5D1278,AUXILIAR 3,245.82999999999998,240
2162,100923,5D1278,AUXILIAR 3,55.5,240
2163,101716,5D1278,AUXILIAR 3,12.5,240
2164,102103,5D1278,AUXILIAR 3,23.5,240
2165,102318,5D1278,AUXILIAR 3,70.0,240
2166,100091,5A1012,ASESOR COMERCIAL 1,0.0,640
2167,100096,5A1012,ASESOR COMERCIAL 1,33.980000000000004,640
2168,100210,5A1012,ASESOR COMERCIAL 1,36.0,640
2169,100281,5A1012,ASESOR COMERCIAL 1,456.0,640
2170,100321,5A1012,ASESOR COMERCIAL 1,9.0,640
2171,100634,5A1012,ASESOR COMERCIAL 1,0.0,640
2172,101033,5A1012,ASESOR COMERCIAL 1,40.0,640
2173,101134,5A1012,ASESOR COMERCIAL 1,18.0,640
2174,101168,5A1012,ASESOR COMERCIAL 1,18.0,640
2175,101192,5A1012,ASESOR COMERCIAL 1,34.0,640
2176,101204,5A1012,ASESOR COMERCIAL 1,25.0,640
2177,101316,5A1012,ASESOR COMERCIAL 1,41.0,640
2178,101581,5A1012,ASESOR COMERCIAL 1,2728.0,640
2179,101943,5A1012,ASESOR COMERCIAL 1,9.0,640
2180,102273,5A1012,ASESOR COMERCIAL 1,42.0,640
2181,102282,5A1012,ASESOR COMERCIAL 1,17.869999999999997,640
2182,102283,5A1012,ASESOR COMERCIAL 1,0.0,640
2183,102307,5A1012,ASESOR COMERCIAL 1,18.0,640
2184,102320,5A1012,ASESOR COMERCIAL 1,0.0,640
2185,102322,5A1012,ASESOR COMERCIAL 1,0.0,640
2186,102333,5A1012,ASESOR COMERCIAL 1,0.0,640
2187,102342,5A1012,ASESOR COMERCIAL 1,34.0,640
2188,102352,5A1012,ASESOR COMERCIAL 1,0.0,640
2189,102441,5A1012,ASESOR COMERCIAL 1,0.0,640
2190,100093,5D1277,AUXILIAR 3,69.5,320
2191,100192,5D1277,AUXILIAR 3,126.0,240
2192,100553,5D1277,AUXILIAR 3,46.83,320
2193,101265,5D1277,AUXILIAR 3,54.25,240
2194,101370,5D1277,AUXILIAR 3,27.5,240
2195,101477,5D1277,AUXILIAR 3,31.0,320
2196,101495,5D1277,AUXILIAR 3,38.0,320
2197,101681,5D1277,AUXILIAR 3,24.0,320
2198,101745,5D1277,AUXILIAR 3,86.5,240
2199,101771,5D1277,AUXILIAR 3,72.0,240
2200,101907,5D1277,AUXILIAR 3,25.0,320
2201,102220,5D1277,AUXILIAR 3,12.0,240
2202,102330,5D1277,AUXILIAR 3,14.5,240
2203,102335,5D1277,AUXILIAR 3,11.0,240
2204,102348,5D1277,AUXILIAR 3,34.5,240
2205,102371,5D1277,AUXILIAR 3,31.97,240
2206,100142,4I1151,PROFESIONAL 4,204.71,396
2207,100183,4I1151,PROFESIONAL 4,86.17,456
2208,100252,4I1151,PROFESIONAL 4,44.0,396
2209,100257,4I1151,PROFESIONAL 4,11.0,396
2210,100265,4I1151,PROFESIONAL 4,48.0,396
2211,100579,4I1151,PROFESIONAL 4,74.67,396
2212,100727,4I1151,PROFESIONAL 4,0.0,456
2213,100758,4I1151,PROFESIONAL 4,40.0,396
2214,100770,4I1151,PROFESIONAL 4,3.0,396
2215,100799,4I1151,PROFESIONAL 4,0.0,468
2216,100955,4I1151,PROFESIONAL 4,3.0,396
2217,100975,4I1151,PROFESIONAL 4,87.93,396
2218,100996,4I1151,PROFESIONAL 4,14.66,456
2219,101021,4I1151,PROFESIONAL 4,54.0,396
2220,101023,4I1151,PROFESIONAL 4,181.0,528
2221,101025,4I1151,PROFESIONAL 4,51.0,360
2222,101027,4I1151,PROFESIONAL 4,54.0,396
2223,101028,4I1151,PROFESIONAL 4,77.0,396
2224,101049,4I1151,PROFESIONAL 4,151.0,576
2225,101113,4I1151,PROFESIONAL 4,27.0,372
2226,101116,4I1151,PROFESIONAL 4,104.33,432
2227,101127,4I1151,PROFESIONAL 4,5.0,396
2228,101138,4I1151,PROFESIONAL 4,225.99,396
2229,101140,4I1151,PROFESIONAL 4,28.0,480
2230,101147,4I1151,PROFESIONAL 4,128.34,240
2231,101180,4I1151,PROFESIONAL 4,25.0,240
2232,101187,4I1151,PROFESIONAL 4,5.67,396
2233,101295,4I1151,PROFESIONAL 4,207.0,456
2234,101299,4I1151,PROFESIONAL 4,975.67,396
2235,101306,4I1151,PROFESIONAL 4,101.53999999999999,396
2236,101319,4I1151,PROFESIONAL 4,152.0,504
2237,101329,4I1151,PROFESIONAL 4,62.33,396
2238,101332,4I1151,PROFESIONAL 4,64.0,396
2239,101336,4I1151,PROFESIONAL 4,16.0,468
2240,101337,4I1151,PROFESIONAL 4,78.34,396
2241,101339,4I1151,PROFESIONAL 4,32.0,396
2242,101343,4I1151,PROFESIONAL 4,65.67,396
2243,101348,4I1151,PROFESIONAL 4,108.3,336
2244,101352,4I1151,PROFESIONAL 4,89.0,456
2245,101353,4I1151,PROFESIONAL 4,35.0,576
2246,101364,4I1151,PROFESIONAL 4,82.0,576
2247,101365,4I1151,PROFESIONAL 4,48.0,456
2248,101367,4I1151,PROFESIONAL 4,306.31,576
2249,101384,4I1151,PROFESIONAL 4,151.0,396
2250,101397,4I1151,PROFESIONAL 4,261.0,576
2251,101404,4I1151,PROFESIONAL 4,42.0,240
2252,101436,4I1151,PROFESIONAL 4,154.99999999999997,492
2253,101449,4I1151,PROFESIONAL 4,45.34,504
2254,101486,4I1151,PROFESIONAL 4,508.0,444
2255,101496,4I1151,PROFESIONAL 4,1260.5,180
2256,101535,4I1151,PROFESIONAL 4,163.0,468
2257,101558,4I1151,PROFESIONAL 4,123.33,420
2258,101566,4I1151,PROFESIONAL 4,247.47,540
2259,101624,4I1151,PROFESIONAL 4,16.0,516
2260,101642,4I1151,PROFESIONAL 4,9.0,396
2261,101720,4I1151,PROFESIONAL 4,175.67000000000002,516
2262,101781,4I1151,PROFESIONAL 4,935.0,360
2263,101864,4I1151,PROFESIONAL 4,69.39000000000001,240
2264,101876,4I1151,PROFESIONAL 4,18.67,468
2265,101934,4I1151,PROFESIONAL 4,93.0,516
2266,102058,4I1151,PROFESIONAL 4,20.0,528
2267,102168,4I1151,PROFESIONAL 4,49.0,360
2268,102175,4I1151,PROFESIONAL 4,25.0,480
2269,102186,4I1151,PROFESIONAL 4,244.0,432
2270,102201,4I1151,PROFESIONAL 4,43.0,576
2271,102203,4I1151,PROFESIONAL 4,122.0,576
2272,102204,4I1151,PROFESIONAL 4,43.0,240
2273,102210,4I1151,PROFESIONAL 4,47.67,396
2274,102213,4I1151,PROFESIONAL 4,39.0,516
2275,102216,4I1151,PROFESIONAL 4,79.0,396
2276,102246,4I1151,PROFESIONAL 4,96.42000000000002,480
2277,102259,4I1151,PROFESIONAL 4,12.0,576
2278,102262,4I1151,PROFESIONAL 4,80.0,276
2279,102266,4I1151,PROFESIONAL 4,103.33,576
2280,102269,4I1151,PROFESIONAL 4,0.0,360
2281,102290,4I1151,PROFESIONAL 4,95.0,480
2282,102326,4I1151,PROFESIONAL 4,168.0,396
2283,102328,4I1151,PROFESIONAL 4,75.33,396
2284,102338,4I1151,PROFESIONAL 4,52.0,240
2285,102391,4I1151,PROFESIONAL 4,172.71,396
2286,102439,4I1151,PROFESIONAL 4,174.83999999999997,456
2287,102440,4I1151,PROFESIONAL 4,150.0,576
2288,102443,4I1151,PROFESIONAL 4,108.35000000000001,396
2289,100155,4L1481,ANALISTA 2,26.5,480
2290,100459,4L1481,ANALISTA 2,0.0,480
2291,100606,4L1481,ANALISTA 2,8.0,480
2292,100897,4L1481,ANALISTA 2,72.0,480
2293,100899,4L1481,ANALISTA 2,16.0,480
2294,101322,4L1481,ANALISTA 2,48.0,480
2295,101968,4L1481,ANALISTA 2,8.0,480
2296,100191,5D1272,AUXILIAR 3,117.0,240
2297,102228,5D1272,AUXILIAR 3,153.5,240
2298,100212,5D1274,AUXILIAR 3,67.0,240
2299,101579,5D1274,AUXILIAR 3,81.25,240
2300,101640,5D1274,AUXILIAR 3,231.5,240
2301,101881,5D1274,AUXILIAR 3,69.25,240
2302,100224,5A1014,ASESOR COMERCIAL 1,41.0,768
2303,100355,5A1014,ASESOR COMERCIAL 1,23.0,640
2304,100731,5A1014,ASESOR COMERCIAL 1,33.0,768
2305,100769,5A1014,ASESOR COMERCIAL 1,0.0,640
2306,100771,5A1014,ASESOR COMERCIAL 1,0.0,640
2307,100847,5A1014,ASESOR COMERCIAL 1,29.0,640
2308,100943,5A1014,ASESOR COMERCIAL 1,18.0,640
2309,100971,5A1014,ASESOR COMERCIAL 1,0.0,768
2310,100983,5A1014,ASESOR COMERCIAL 1,9.0,640
2311,101413,5A1014,ASESOR COMERCIAL 1,0.0,640
2312,101717,5A1014,ASESOR COMERCIAL 1,0.0,640
2313,101959,5A1014,ASESOR COMERCIAL 1,27.0,640
2314,102192,5A1014,ASESOR COMERCIAL 1,47.0,640
2315,100262,4L1081,ANALISTA 3,107.0,320
2316,100300,4L1081,ANALISTA 3,62.0,320
2317,100660,4L1081,ANALISTA 3,12.0,320
2318,101434,4L1081,ANALISTA 3,33.0,320
2319,101463,4L1081,ANALISTA 3,26.75,320
2320,101484,4L1081,ANALISTA 3,33.0,320
2321,101675,4L1081,ANALISTA 3,43.0,320
2322,101731,4L1081,ANALISTA 3,55.0,320
2323,101732,4L1081,ANALISTA 3,54.5,320
2324,101815,4L1081,ANALISTA 3,39.0,320
2325,101837,4L1081,ANALISTA 3,40.0,320
2326,101852,4L1081,ANALISTA 3,40.0,320
2327,101888,4L1081,ANALISTA 3,17.0,320
2328,101927,4L1081,ANALISTA 3,110.67,320
2329,101955,4L1081,ANALISTA 3,50.5,320
2330,102064,4L1081,ANALISTA 3,128.0,320
2331,102255,4L1081,ANALISTA 3,18.0,320
2332,102323,4L1081,ANALISTA 3,89.5,320
2333,102332,4L1081,ANALISTA 3,343.0,320
2334,102382,4L1081,ANALISTA 3,138.48000000000002,320
2335,102388,4L1081,ANALISTA 3,36.5,320
2336,102404,4L1081,ANALISTA 3,14.0,320
2337,102446,4L1081,ANALISTA 3,10.0,320
2338,100308,4K1171,TECNICO 4,13.0,480
2339,100733,4K1171,TECNICO 4,0.0,480
2340,100735,4K1171,TECNICO 4,0.0,480
2341,100944,4K1171,TECNICO 4,0.0,480
2342,101003,4K1171,TECNICO 4,9.0,480
2343,101195,4K1171,TECNICO 4,37.980000000000004,480
2344,101960,4K1171,TECNICO 4,0.0,480
2345,102038,4K1171,TECNICO 4,128.0,480
2346,102113,4K1171,TECNICO 4,0.0,480
2347,102191,4K1171,TECNICO 4,4.0,480
2348,102396,4K1171,TECNICO 4,68.0,480
2349,102415,4K1171,TECNICO 4,0.0,480
2350,100346,4I1611,ASESOR EMPRESARIAL,24.0,640
2351,100722,4I1611,ASESOR EMPRESARIAL,30.0,640
2352,100736,4I1611,ASESOR EMPRESARIAL,285.0,640
2353,100837,4I1611,ASESOR EMPRESARIAL,191.0,640
2354,101205,4I1611,ASESOR EMPRESARIAL,53.8,640
2355,101208,4I1611,ASESOR EMPRESARIAL,0.0,640
2356,101398,4I1611,ASESOR EMPRESARIAL,52.17,640
2357,101401,4I1611,ASESOR EMPRESARIAL,10.0,640
2358,101439,4I1611,ASESOR EMPRESARIAL,58.0,640
2359,101475,4I1611,ASESOR EMPRESARIAL,0.0,640
2360,101516,4I1611,ASESOR EMPRESARIAL,65.0,640
2361,101528,4I1611,ASESOR EMPRESARIAL,21.0,640
2362,101543,4I1611,ASESOR EMPRESARIAL,9.0,640
2363,101546,4I1611,ASESOR EMPRESARIAL,48.0,640
2364,101569,4I1611,ASESOR EMPRESARIAL,77.98,640
2365,101577,4I1611,ASESOR EMPRESARIAL,18.0,640
2366,101617,4I1611,ASESOR EMPRESARIAL,14.0,640
2367,101618,4I1611,ASESOR EMPRESARIAL,83.0,640
2368,101658,4I1611,ASESOR EMPRESARIAL,93.0,640
2369,101709,4I1611,ASESOR EMPRESARIAL,8.0,640
2370,101718,4I1611,ASESOR EMPRESARIAL,38.0,640
2371,101725,4I1611,ASESOR EMPRESARIAL,42.0,640
2372,101733,4I1611,ASESOR EMPRESARIAL,96.0,640
2373,101769,4I1611,ASESOR EMPRESARIAL,9.0,640
2374,101786,4I1611,ASESOR EMPRESARIAL,70.0,640
2375,101792,4I1611,ASESOR EMPRESARIAL,178.0,640
2376,101860,4I1611,ASESOR EMPRESARIAL,9.0,640
2377,101898,4I1611,ASESOR EMPRESARIAL,80.0,640
2378,101941,4I1611,ASESOR EMPRESARIAL,64.0,640
2379,101948,4I1611,ASESOR EMPRESARIAL,0.0,640
2380,101957,4I1611,ASESOR EMPRESARIAL,9.0,640
2381,102042,4I1611,ASESOR EMPRESARIAL,7.0,640
2382,102106,4I1611,ASESOR EMPRESARIAL,56.0,640
2383,102109,4I1611,ASESOR EMPRESARIAL,15.0,640
2384,102131,4I1611,ASESOR EMPRESARIAL,110.0,640
2385,102145,4I1611,ASESOR EMPRESARIAL,24.0,640
2386,102167,4I1611,ASESOR EMPRESARIAL,46.0,640
2387,102356,4I1611,ASESOR EMPRESARIAL,27.0,640
2388,102393,4I1611,ASESOR EMPRESARIAL,10.0,640
2389,102448,4I1611,ASESOR EMPRESARIAL,62.0,640
2390,100377,5A1011,ASESOR COMERCIAL 1,40.0,640
2391,101997,5A1011,ASESOR COMERCIAL 1,85.25,640
2392,102067,5A1011,ASESOR COMERCIAL 1,8.0,640
2393,102361,5A1011,ASESOR COMERCIAL 1,60.0,640
2394,100389,4L1083,ANALISTA 3,5.5,320
2395,101123,4L1083,ANALISTA 3,43.5,320
2396,101198,4L1083,ANALISTA 3,36.0,320
2397,102297,4L1083,ANALISTA 3,23.0,320
2398,102442,4L1083,ANALISTA 3,9.0,320
2399,100472,4L1392,PROFESIONAL 2,4.0,240
2400,100582,4L1392,PROFESIONAL 2,0.0,240
2401,101080,4L1392,PROFESIONAL 2,13.5,240
2402,101107,4L1392,PROFESIONAL 2,24.0,576
2403,101193,4L1392,PROFESIONAL 2,8.0,240
2404,101210,4L1392,PROFESIONAL 2,23.0,576
2405,101280,4L1392,PROFESIONAL 2,58.0,240
2406,101342,4L1392,PROFESIONAL 2,89.0,240
2407,101361,4L1392,PROFESIONAL 2,4.0,240
2408,101491,4L1392,PROFESIONAL 2,17.0,240
2409,101780,4L1392,PROFESIONAL 2,116.0,240
2410,101785,4L1392,PROFESIONAL 2,51.0,240
2411,101791,4L1392,PROFESIONAL 2,70.0,240
2412,102041,4L1392,PROFESIONAL 2,52.0,240
2413,102156,4L1392,PROFESIONAL 2,0.0,240
2414,100814,4K1551,ANALISTA 4,70.0,480
2415,100917,4K1551,ANALISTA 4,23.0,480
2416,101029,4K1551,ANALISTA 4,5.0,480
2417,101031,4K1551,ANALISTA 4,40.0,480
2418,101189,4K1551,ANALISTA 4,9.5,480
2419,101338,4K1551,ANALISTA 4,0.0,480
2420,101567,4K1551,ANALISTA 4,25.0,480
2421,101578,4K1551,ANALISTA 4,49.0,480
2422,101982,4K1551,ANALISTA 4,587.5,480
2423,102146,4K1551,ANALISTA 4,15.5,480
2424,100880,4K1891,TECNICO 3,0.0,576
2425,100986,4K1891,TECNICO 3,58.0,576
2426,101212,4K1891,TECNICO 3,48.0,576
2427,101255,4K1891,TECNICO 3,0.0,576
2428,101572,4K1891,TECNICO 3,20.0,576
2429,101611,4K1891,TECNICO 3,48.0,576
2430,101741,4K1891,TECNICO 3,54.0,576
2431,101939,4K1891,TECNICO 3,39.0,576
2432,101969,4K1891,TECNICO 3,60.66,576
2433,101487,4L1082,ANALISTA 3,175.0,320
2434,102016,4L1082,ANALISTA 3,61.0,320
2435,102138,4L1082,ANALISTA 3,640.0,320
2436,102377,4L1082,ANALISTA 3,42.0,320
2437,102384,4L1082,ANALISTA 3,19.0,320
2438,102426,4L1082,ANALISTA 3,7.0,320
2439,101595,5D1275,AUXILIAR 3,8.0,240
2440,101597,5D1275,AUXILIAR 3,84.0,240
2441,101691,5D1275,AUXILIAR 3,16.0,240
2442,102278,5D1275,AUXILIAR 3,0.0,240
2443,102370,5D1273,AUXILIAR 3,16.0,240
2444,102408,5D1273,AUXILIAR 3,54.0,240
